1.10.2023;0:1:0;19;19;11;0;15;0;12;0;2;17;14;13;14;0;16;0;00000000000000000000000000000000000000000000000000000000000000000000
1.10.2023;0:2:0;14;19;8;0;18;1;12;0;0;13;14;12;18;2;14;0;000000000000000000000000000000000000000000000000000000000000000000000
1.10.2023;0:3:0;18;2;15;0;15;0;4;0;0;16;13;12;12;2;15;0;0000000000000000000000000000000000000000000000000000000000000000000000
1.10.2023;0:4:0;20;17;13;0;17;0;8;0;8;14;13;14;20;0;15;0;000000000000000000000000000000000000000000000000000000000000000000000
1.10.2023;0:5:0;14;16;12;0;17;0;9;0;15;18;13;6;17;1;14;0;000000000000000000000000000000000000000000000000000000000000000000000
1.10.2023;0:6:0;15;14;11;0;18;0;12;0;16;16;9;0;11;1;12;0;000000000000000000000000000000000000000000000000000000000000000000000
1.10.2023;0:7:0;15;16;12;0;16;0;12;0;12;17;12;0;20;3;15;0;00000000000000000000000000000000000000000000000000000000000000000000
1.10.2023;0:8:0;17;16;14;0;19;0;15;0;13;12;19;1;19;8;16;0;00000000000000000000000000000000000000000000000000000000000000000000
1.10.2023;0:9:0;17;21;7;8;16;0;7;0;16;16;17;17;21;19;14;0;00000000000000000000000000000000000000000000000000000000000000000000
1.10.2023;0:10:0;16;3;12;9;18;0;15;0;14;11;2;9;15;17;13;0;00000000000000000000000000000000000000000000000000000000000000000000
1.10.2023;0:11:0;19;1;16;4;18;0;7;0;16;18;6;12;16;20;15;0;00000000000000000000000000000000000000000000000000000000000000000000
1.10.2023;0:12:0;16;0;15;17;19;0;12;0;12;15;17;16;19;14;15;0;00000000000000000000000000000000000000000000000000000000000000000
1.10.2023;0:13:0;16;0;10;18;13;0;10;0;9;11;0;9;13;18;19;1;00000000000000000000000000000000000000000000000000000000000000000000
1.10.2023;0:14:0;20;0;4;16;14;0;13;0;8;2;0;14;15;18;16;0;000000000000000000000000000000000000000000000000000000000000000000000
1.10.2023;0:15:0;15;9;4;18;16;0;13;0;11;3;12;17;17;20;14;0;0000000000000000000000000000000000000000000000000000000000000000000
1.10.2023;0:16:0;16;14;10;15;18;0;12;0;18;4;18;0;18;17;16;0;000000000000000000000000000000000000000000000000000000000000000000
1.10.2023;0:17:0;15;17;9;16;15;0;17;0;10;0;18;0;16;18;15;0;0000000000000000000000000000000000000000000000000000000000000000000
1.10.2023;0:18:0;16;22;1;15;19;1;13;0;19;0;0;0;18;16;15;0;00000000000000000000000000000000000000000000000000000000000000000000
1.10.2023;0:19:0;16;9;6;14;19;0;6;0;10;0;0;0;15;19;20;0;0000000000000000000000000000000000000000000000000000000000000000000000
1.10.2023;0:20:0;15;15;7;15;18;0;10;0;18;0;8;0;14;11;13;0;00000000000000000000000000000000000000000000000000000000000000000000
1.10.2023;0:21:0;19;14;8;15;17;0;12;0;12;0;16;1;17;14;15;0;0000000000000000000000000000000000000000000000000000000000000000000
1.10.2023;0:22:0;17;19;9;15;20;0;6;0;16;0;6;6;14;16;14;0;000000000000000000000000000000000000000000000000000000000000000000000
1.10.2023;0:23:0;19;21;15;13;20;0;15;0;14;0;12;15;11;12;15;0;00000000000000000000000000000000000000000000000000000000000000000
1.10.2023;0:24:0;15;18;14;11;16;0;10;0;12;0;14;12;16;21;16;0;00000000000000000000000000000000000000000000000000000000000000000
1.10.2023;0:25:0;21;16;11;18;14;0;10;0;11;0;0;11;19;12;18;0;000000000000000000000000000000000000000000000000000000000000000000
1.10.2023;0:26:0;16;20;16;15;16;0;5;0;11;0;0;14;18;17;15;0;0000000000000000000000000000000000000000000000000000000000000000000
1.10.2023;0:27:0;16;6;9;14;19;0;14;0;20;0;10;4;15;16;18;0;00000000000000000000000000000000000000000000000000000000000000000000
1.10.2023;0:28:0;19;0;14;17;20;0;4;1;17;0;17;17;18;16;12;0;0000000000000000000000000000000000000000000000000000000000000000000
1.10.2023;0:29:0;16;0;14;18;14;0;16;15;15;0;12;11;19;16;16;0;00000000000000000000000000000000000000000000000000000000000000000
1.10.2023;0:30:0;20;7;15;18;17;0;14;10;9;0;15;0;17;11;17;0;0000000000000000000000000000000000000000000000000000000000000000000
1.10.2023;0:31:0;16;18;20;17;19;0;17;13;4;0;11;11;17;18;18;0;00000000000000000000000000000000000000000000000000000000000000000
1.10.2023;0:32:0;12;15;14;14;19;0;13;16;3;0;0;12;17;16;15;0;000000000000000000000000000000000000000000000000000000000000000000
1.10.2023;0:33:0;20;18;14;18;18;0;4;16;0;0;0;15;17;14;12;0;0000000000000000000000000000000000000000000000000000000000000000000
1.10.2023;0:34:0;19;16;14;16;18;5;0;12;1;0;10;13;14;9;17;0;0000000000000000000000000000000000000000000000000000000000000000000
1.10.2023;0:35:0;16;16;14;18;16;0;9;14;13;0;14;11;7;17;17;0;000000000000000000000000000000000000000000000000000000000000000000
1.10.2023;0:36:0;15;9;15;11;16;1;7;13;17;0;13;3;2;14;14;0;00000000000000000000000000000000000000000000000000000000000000000000
1.10.2023;0:37:0;15;0;13;16;17;0;7;13;20;0;4;0;1;17;14;0;000000000000000000000000000000000000000000000000000000000000000000000
1.10.2023;0:38:0;15;0;14;8;19;0;7;16;15;0;11;0;0;16;17;0;000000000000000000000000000000000000000000000000000000000000000000000
1.10.2023;0:39:0;16;0;13;11;15;0;16;14;14;0;19;0;0;18;17;0;0000000000000000000000000000000000000000000000000000000000000000000
1.10.2023;0:40:0;17;0;17;21;17;0;13;15;20;0;17;0;0;17;11;0;0000000000000000000000000000000000000000000000000000000000000000000
1.10.2023;0:41:0;14;0;10;15;16;0;11;13;13;0;3;0;0;17;2;0;000000000000000000000000000000000000000000000000000000000000000000000
1.10.2023;0:42:0;20;0;13;12;19;0;10;10;12;0;0;0;0;11;0;0;000000000000000000000000000000000000000000000000000000000000000000000
1.10.2023;0:43:0;11;0;11;5;11;0;6;14;15;0;5;0;7;20;0;0;00000000000000000000000000000000000000000000000000000000000000000000000
1.10.2023;0:44:0;20;0;14;5;7;0;14;14;15;0;21;0;5;15;0;0;0000000000000000000000000000000000000000000000000000000000000000000000
1.10.2023;0:45:0;15;0;15;20;7;0;12;13;13;0;17;0;9;14;0;0;000000000000000000000000000000000000000000000000000000000000000000000
1.10.2023;0:46:0;15;0;16;15;0;0;12;12;16;0;6;0;0;16;0;0;0000000000000000000000000000000000000000000000000000000000000000000000
1.10.2023;0:47:0;15;0;18;16;0;0;5;12;12;1;8;0;0;18;0;1;00000000000000000000000000000000000000000000000000000000000000000000000
1.10.2023;0:48:0;19;0;15;11;0;0;14;13;11;0;14;0;0;13;0;0;000000000000000000000000000000000000000000000000000000000000000000000
1.10.2023;0:49:0;19;0;8;17;0;0;14;15;13;0;5;1;0;2;0;0;000000000000000000000000000000000000000000000000000000000000000000000000
1.10.2023;0:50:0;18;0;13;19;0;0;15;10;17;0;1;0;0;0;0;0;00000000000000000000000000000000000000000000000000000000000000000000000
1.10.2023;0:51:0;15;0;18;18;0;0;7;10;14;0;16;0;5;0;0;0;00000000000000000000000000000000000000000000000000000000000000000000000
1.10.2023;0:52:0;16;0;15;2;0;0;12;9;10;0;7;0;3;1;0;0;0000000000000000000000000000000000000000000000000000000000000000000000000
1.10.2023;0:53:0;14;3;12;2;0;6;0;11;15;0;0;0;10;0;0;0;000000000000000000000000000000000000000000000000000000000000000000000000
1.10.2023;0:54:0;17;15;18;11;3;4;14;0;8;0;9;0;10;0;0;0;00000000000000000000000000000000000000000000000000000000000000000000000
1.10.2023;0:55:0;13;20;13;14;16;0;8;0;7;0;17;0;16;0;0;0;0000000000000000000000000000000000000000000000000000000000000000000000
1.10.2023;0:56:0;14;19;8;15;6;0;14;0;11;0;11;0;15;0;0;0;0000000000000000000000000000000000000000000000000000000000000000000000
1.10.2023;0:57:0;21;21;9;20;3;0;11;0;17;0;12;0;15;0;3;0;0000000000000000000000000000000000000000000000000000000000000000000000
1.10.2023;0:58:0;17;17;16;16;0;0;11;0;15;0;9;0;18;0;0;0;0000000000000000000000000000000000000000000000000000000000000000000000
1.10.2023;0:59:0;16;22;16;18;0;0;5;0;10;0;16;0;14;0;1;0;0000000000000000000000000000000000000000000000000000000000000000000000
1.10.2023;1:0:0;20;13;15;19;0;0;5;0;9;0;18;0;18;0;0;0;000000000000000000000000000000000000000000000000000000000000000000000000
1.10.2023;1:1:0;18;16;17;9;0;0;1;0;20;0;12;1;17;0;0;0;000000000000000000000000000000000000000000000000000000000000000000000000
1.10.2023;1:2:0;18;17;12;5;0;0;0;0;12;0;0;21;19;0;0;0;000000000000000000000000000000000000000000000000000000000000000000000000
1.10.2023;1:3:0;15;18;8;3;0;3;13;0;12;0;0;18;14;0;0;0;000000000000000000000000000000000000000000000000000000000000000000000000
1.10.2023;1:4:0;17;18;14;13;0;0;9;0;18;0;1;15;19;0;0;0;00000000000000000000000000000000000000000000000000000000000000000000000
1.10.2023;1:5:0;17;19;8;13;5;0;16;0;10;0;12;15;18;0;0;0;0000000000000000000000000000000000000000000000000000000000000000000000
1.10.2023;1:6:0;11;10;13;13;8;0;11;0;11;0;17;9;13;0;0;0;0000000000000000000000000000000000000000000000000000000000000000000000
1.10.2023;1:7:0;16;18;10;19;8;0;12;0;10;0;9;11;19;3;0;0;0000000000000000000000000000000000000000000000000000000000000000000000
1.10.2023;1:8:0;14;16;7;0;10;0;9;0;3;0;14;19;19;13;0;6;00000000000000000000000000000000000000000000000000000000000000000000000
1.10.2023;1:9:0;18;20;14;6;14;0;16;0;2;0;14;15;19;9;0;2;0000000000000000000000000000000000000000000000000000000000000000000000
1.10.2023;1:10:0;20;13;10;4;23;0;13;1;8;0;5;12;18;13;0;8;000000000000000000000000000000000000000000000000000000000000000000000
1.10.2023;1:11:0;14;16;11;9;17;0;13;0;14;0;8;10;15;18;0;15;0000000000000000000000000000000000000000000000000000000000000000000
1.10.2023;1:12:0;17;16;17;17;13;0;9;0;18;0;12;12;19;9;0;17;0000000000000000000000000000000000000000000000000000000000000000000
1.10.2023;1:13:0;14;13;10;14;18;0;16;0;16;0;15;12;13;13;0;16;00000000000000000000000000000000000000000000000000000000000000000
1.10.2023;1:14:0;18;12;8;18;18;0;14;1;18;0;16;8;24;15;0;18;0000000000000000000000000000000000000000000000000000000000000000000
1.10.2023;1:15:0;16;17;13;18;21;0;10;1;10;0;14;0;16;15;0;17;000000000000000000000000000000000000000000000000000000000000000000
1.10.2023;1:16:0;19;18;13;15;12;0;7;5;16;1;15;0;14;16;0;19;0000000000000000000000000000000000000000000000000000000000000000000
1.10.2023;1:17:0;16;18;11;13;18;0;14;16;14;0;3;0;4;17;0;20;0000000000000000000000000000000000000000000000000000000000000000000
1.10.2023;1:18:0;15;20;14;17;15;0;13;12;11;0;8;0;14;15;0;18;000000000000000000000000000000000000000000000000000000000000000000
1.10.2023;1:19:0;13;9;10;18;15;1;9;14;14;0;18;0;17;17;0;15;0000000000000000000000000000000000000000000000000000000000000000000
1.10.2023;1:20:0;16;0;1;16;20;0;16;12;13;0;11;0;17;15;0;18;0000000000000000000000000000000000000000000000000000000000000000000
1.10.2023;1:21:0;16;0;12;19;17;0;16;16;17;0;11;0;16;15;0;15;000000000000000000000000000000000000000000000000000000000000000000
1.10.2023;1:22:0;18;0;10;14;17;0;14;10;11;0;13;0;20;15;0;18;000000000000000000000000000000000000000000000000000000000000000000
1.10.2023;1:23:0;16;0;9;13;17;1;8;18;13;0;18;0;21;20;0;14;00000000000000000000000000000000000000000000000000000000000000000000
1.10.2023;1:24:0;13;0;14;21;19;0;13;10;10;0;7;15;15;14;0;1;0000000000000000000000000000000000000000000000000000000000000000000
1.10.2023;1:25:0;19;0;11;14;17;0;13;9;18;0;6;6;16;13;1;0;000000000000000000000000000000000000000000000000000000000000000000000
1.10.2023;1:26:0;17;0;16;13;19;0;6;13;11;0;19;0;15;9;0;0;000000000000000000000000000000000000000000000000000000000000000000000
1.10.2023;1:27:0;19;0;15;16;20;0;14;11;4;0;15;0;18;1;0;0;000000000000000000000000000000000000000000000000000000000000000000000
1.10.2023;1:28:0;20;0;15;17;16;0;12;11;12;0;3;0;26;12;0;0;00000000000000000000000000000000000000000000000000000000000000000000
1.10.2023;1:29:0;23;0;13;18;18;0;19;1;17;0;0;0;21;19;0;0;000000000000000000000000000000000000000000000000000000000000000000000
1.10.2023;1:30:0;17;0;12;13;17;0;12;6;12;0;1;0;17;11;0;0;000000000000000000000000000000000000000000000000000000000000000000000
1.10.2023;1:31:0;20;0;15;16;18;0;13;13;12;0;18;0;18;16;0;0;0000000000000000000000000000000000000000000000000000000000000000000
1.10.2023;1:32:0;17;0;11;18;16;0;11;11;15;0;15;14;19;14;0;0;000000000000000000000000000000000000000000000000000000000000000000
1.10.2023;1:33:0;16;0;12;14;14;0;9;5;13;0;12;7;21;14;0;0;000000000000000000000000000000000000000000000000000000000000000000000
1.10.2023;1:34:0;18;0;15;16;21;0;7;13;11;0;0;13;14;12;0;0;00000000000000000000000000000000000000000000000000000000000000000000
1.10.2023;1:35:0;19;0;14;18;16;0;7;12;15;0;0;6;13;12;0;0;000000000000000000000000000000000000000000000000000000000000000000000
1.10.2023;1:36:0;18;0;12;20;19;0;12;10;15;0;7;14;8;17;0;0;00000000000000000000000000000000000000000000000000000000000000000000
1.10.2023;1:37:0;20;0;14;17;18;0;6;18;12;0;12;9;2;18;0;0;000000000000000000000000000000000000000000000000000000000000000000000
1.10.2023;1:38:0;16;0;14;17;20;0;6;13;16;0;13;0;1;13;0;0;000000000000000000000000000000000000000000000000000000000000000000000
1.10.2023;1:39:0;18;0;11;19;16;0;18;14;8;0;18;0;0;19;0;0;000000000000000000000000000000000000000000000000000000000000000000000
1.10.2023;1:40:0;16;0;20;8;17;0;15;11;1;0;3;0;1;16;0;0;00000000000000000000000000000000000000000000000000000000000000000000000
1.10.2023;1:41:0;18;0;15;4;16;0;13;11;0;0;0;0;0;3;0;0;000000000000000000000000000000000000000000000000000000000000000000000000
1.10.2023;1:42:0;17;0;15;0;15;0;14;13;0;0;15;0;0;1;0;0;00000000000000000000000000000000000000000000000000000000000000000000000
1.10.2023;1:43:0;17;0;21;0;20;0;2;10;14;0;15;0;0;1;0;0;00000000000000000000000000000000000000000000000000000000000000000000000
1.10.2023;1:44:0;21;0;12;0;16;0;0;15;15;0;3;0;0;1;0;0;000000000000000000000000000000000000000000000000000000000000000000000000
1.10.2023;1:45:0;16;0;14;1;19;0;0;12;17;0;17;0;0;1;0;0;00000000000000000000000000000000000000000000000000000000000000000000000
1.10.2023;1:46:0;16;0;16;0;16;0;0;11;12;0;0;0;0;0;0;0;000000000000000000000000000000000000000000000000000000000000000000000000
1.10.2023;1:47:0;18;0;11;0;2;0;0;13;14;0;6;13;0;0;0;0;000000000000000000000000000000000000000000000000000000000000000000000000
1.10.2023;1:48:0;18;0;17;0;2;0;0;2;12;0;19;10;0;0;0;0;000000000000000000000000000000000000000000000000000000000000000000000000
1.10.2023;1:49:0;14;0;20;0;0;0;0;1;8;0;19;3;0;0;0;0;00000000000000000000000000000000000000000000000000000000000000000000000000
1.10.2023;1:50:0;16;0;17;0;0;0;13;0;15;0;19;2;0;8;0;0;000000000000000000000000000000000000000000000000000000000000000000000000
1.10.2023;1:51:0;15;0;15;0;0;0;15;0;12;6;0;12;0;15;0;0;00000000000000000000000000000000000000000000000000000000000000000000000
1.10.2023;1:52:0;3;0;13;0;0;0;5;0;14;2;0;10;1;12;6;0;0000000000000000000000000000000000000000000000000000000000000000000000000
1.10.2023;1:53:0;0;0;6;0;0;0;12;0;7;0;5;11;8;12;4;0;00000000000000000000000000000000000000000000000000000000000000000000000000
1.10.2023;1:54:0;0;0;11;0;0;0;15;0;11;0;16;5;4;17;0;0;000000000000000000000000000000000000000000000000000000000000000000000000
1.10.2023;1:55:0;0;0;17;0;0;0;14;0;12;1;14;11;3;17;2;0;00000000000000000000000000000000000000000000000000000000000000000000000
1.10.2023;1:56:0;0;0;12;0;3;0;9;0;9;0;9;10;9;15;5;0;00000000000000000000000000000000000000000000000000000000000000000000000000
1.10.2023;1:57:0;0;0;11;0;2;0;8;0;6;3;0;4;18;13;7;0;00000000000000000000000000000000000000000000000000000000000000000000000000
1.10.2023;1:58:0;0;0;19;0;0;0;9;1;0;3;0;0;17;14;14;0;0000000000000000000000000000000000000000000000000000000000000000000000000
1.10.2023;1:59:0;0;0;12;0;15;0;12;0;0;9;0;0;18;15;8;0;000000000000000000000000000000000000000000000000000000000000000000000000
1.10.2023;2:0:0;0;0;16;0;5;0;9;0;0;14;6;0;20;14;13;0;0000000000000000000000000000000000000000000000000000000000000000000000000
1.10.2023;2:1:0;1;0;11;0;1;1;11;0;8;15;18;0;17;17;15;0;00000000000000000000000000000000000000000000000000000000000000000000000
1.10.2023;2:2:0;1;0;14;0;0;0;10;0;10;14;11;0;20;19;7;0;00000000000000000000000000000000000000000000000000000000000000000000000
1.10.2023;2:3:0;1;0;15;0;0;0;15;0;15;15;11;0;20;21;14;0;0000000000000000000000000000000000000000000000000000000000000000000000
1.10.2023;2:4:0;0;0;15;0;0;0;10;0;17;16;11;0;18;9;13;0;00000000000000000000000000000000000000000000000000000000000000000000000
1.10.2023;2:5:0;0;0;15;0;0;0;8;0;14;13;15;9;18;16;13;0;00000000000000000000000000000000000000000000000000000000000000000000000
1.10.2023;2:6:0;0;0;15;0;0;0;7;0;9;13;9;13;15;9;13;0;0000000000000000000000000000000000000000000000000000000000000000000000000
1.10.2023;2:7:0;0;0;15;0;0;0;1;0;15;16;13;4;20;15;14;0;00000000000000000000000000000000000000000000000000000000000000000000000
1.10.2023;2:8:0;0;0;14;0;1;0;10;0;14;14;14;0;15;12;14;0;0000000000000000000000000000000000000000000000000000000000000000000000
1.10.2023;2:9:0;0;0;13;0;15;0;9;1;20;19;12;0;19;18;18;0;0000000000000000000000000000000000000000000000000000000000000000000000
1.10.2023;2:10:0;0;0;9;0;0;0;12;0;16;18;0;1;18;14;16;0;00000000000000000000000000000000000000000000000000000000000000000000000
1.10.2023;2:11:0;0;0;11;0;0;0;12;0;15;15;11;12;14;13;16;0;00000000000000000000000000000000000000000000000000000000000000000000
1.10.2023;2:12:0;2;0;14;0;0;0;9;0;1;16;15;14;16;15;12;0;0000000000000000000000000000000000000000000000000000000000000000000000
1.10.2023;2:13:0;0;0;13;0;0;0;7;0;0;16;0;6;23;15;18;0;000000000000000000000000000000000000000000000000000000000000000000000000
1.10.2023;2:14:0;0;0;14;0;0;0;4;0;0;12;0;5;21;12;17;0;000000000000000000000000000000000000000000000000000000000000000000000000
1.10.2023;2:15:0;0;0;12;0;0;0;4;0;10;19;11;1;11;18;16;0;0000000000000000000000000000000000000000000000000000000000000000000000
1.10.2023;2:16:0;0;0;7;0;0;0;3;0;13;19;14;16;6;18;18;0;00000000000000000000000000000000000000000000000000000000000000000000000
1.10.2023;2:17:0;0;0;13;0;0;0;7;0;13;17;17;12;5;16;15;0;0000000000000000000000000000000000000000000000000000000000000000000000
1.10.2023;2:18:0;0;0;3;0;0;0;3;0;12;15;14;7;7;15;14;0;000000000000000000000000000000000000000000000000000000000000000000000000
1.10.2023;2:19:0;0;0;3;0;0;0;11;0;14;15;15;0;14;11;19;0;0000000000000000000000000000000000000000000000000000000000000000000000
1.10.2023;2:20:0;0;0;19;0;0;0;10;0;16;16;12;0;17;2;19;0;0000000000000000000000000000000000000000000000000000000000000000000000
1.10.2023;2:21:0;0;0;11;0;0;0;10;0;7;14;7;0;17;1;19;0;000000000000000000000000000000000000000000000000000000000000000000000000
1.10.2023;2:22:0;0;0;13;0;0;0;11;0;0;19;0;7;17;0;16;0;000000000000000000000000000000000000000000000000000000000000000000000000
1.10.2023;2:23:0;0;0;10;0;0;0;11;0;3;15;0;15;20;0;18;0;00000000000000000000000000000000000000000000000000000000000000000000000
1.10.2023;2:24:0;0;0;16;0;0;0;10;0;8;15;12;11;21;4;14;0;0000000000000000000000000000000000000000000000000000000000000000000000
1.10.2023;2:25:0;0;0;16;0;0;0;10;0;13;18;17;0;15;2;20;0;0000000000000000000000000000000000000000000000000000000000000000000000
1.10.2023;2:26:0;0;0;12;0;0;0;11;0;10;13;16;0;17;1;16;0;0000000000000000000000000000000000000000000000000000000000000000000000
1.10.2023;2:27:0;0;0;16;0;0;1;0;0;12;16;2;0;15;2;15;0;000000000000000000000000000000000000000000000000000000000000000000000000
1.10.2023;2:28:0;0;0;12;0;0;1;0;0;19;17;0;0;21;0;18;0;000000000000000000000000000000000000000000000000000000000000000000000000
1.10.2023;2:29:0;0;0;11;0;0;0;0;0;9;17;3;0;16;0;15;0;0000000000000000000000000000000000000000000000000000000000000000000000000
1.10.2023;2:30:0;0;0;12;0;0;0;1;0;5;14;3;0;14;0;15;0;0000000000000000000000000000000000000000000000000000000000000000000000000
1.10.2023;2:31:0;0;0;15;0;0;0;11;0;2;14;14;0;18;0;13;0;00000000000000000000000000000000000000000000000000000000000000000000000
1.10.2023;2:32:0;0;0;10;0;0;0;12;0;1;14;14;0;17;0;13;0;00000000000000000000000000000000000000000000000000000000000000000000000
1.10.2023;2:33:0;0;0;17;0;0;0;13;2;0;10;12;0;17;0;15;0;00000000000000000000000000000000000000000000000000000000000000000000000
1.10.2023;2:34:0;0;0;12;5;0;0;15;0;0;13;9;0;16;0;12;0;000000000000000000000000000000000000000000000000000000000000000000000000
1.10.2023;2:35:0;0;3;11;1;0;0;7;0;0;17;13;0;17;0;15;0;000000000000000000000000000000000000000000000000000000000000000000000000
1.10.2023;2:36:0;0;19;16;4;0;0;13;0;0;16;0;0;17;0;17;0;00000000000000000000000000000000000000000000000000000000000000000000000
1.10.2023;2:37:0;0;21;18;8;0;0;13;0;0;11;0;0;17;0;18;0;00000000000000000000000000000000000000000000000000000000000000000000000
1.10.2023;2:38:0;0;15;16;14;0;0;9;0;0;14;9;0;21;0;16;0;00000000000000000000000000000000000000000000000000000000000000000000000
1.10.2023;2:39:0;0;19;17;6;0;0;10;0;0;16;18;0;21;0;15;0;0000000000000000000000000000000000000000000000000000000000000000000000
1.10.2023;2:40:0;0;15;12;8;0;0;11;0;0;20;14;0;16;0;16;0;0000000000000000000000000000000000000000000000000000000000000000000000
1.10.2023;2:41:0;0;19;12;16;0;2;11;0;0;14;15;0;9;0;21;0;0000000000000000000000000000000000000000000000000000000000000000000000
1.10.2023;2:42:0;0;20;15;15;0;0;18;0;0;15;0;0;7;0;14;0;00000000000000000000000000000000000000000000000000000000000000000000000
1.10.2023;2:43:0;0;0;13;17;0;0;14;0;0;12;0;0;7;0;16;0;000000000000000000000000000000000000000000000000000000000000000000000000
1.10.2023;2:44:0;0;13;9;15;0;0;9;0;0;17;0;0;10;0;16;0;000000000000000000000000000000000000000000000000000000000000000000000000
1.10.2023;2:45:0;0;18;18;20;0;0;4;0;0;11;6;0;7;0;11;0;000000000000000000000000000000000000000000000000000000000000000000000000
1.10.2023;2:46:0;0;12;17;14;0;0;6;0;0;13;13;0;8;0;13;0;00000000000000000000000000000000000000000000000000000000000000000000000
1.10.2023;2:47:0;0;14;17;18;0;1;12;0;0;16;15;0;0;0;18;0;0000000000000000000000000000000000000000000000000000000000000000000000
1.10.2023;2:48:0;0;14;15;20;0;0;10;0;0;13;19;0;0;0;13;0;0000000000000000000000000000000000000000000000000000000000000000000000
1.10.2023;2:49:0;0;18;16;10;0;0;7;0;0;16;3;0;1;0;6;0;0000000000000000000000000000000000000000000000000000000000000000000000000
1.10.2023;2:50:0;4;10;10;15;0;0;9;0;0;13;0;0;0;0;16;0;000000000000000000000000000000000000000000000000000000000000000000000000
1.10.2023;2:51:0;2;4;14;17;0;0;6;0;0;15;6;0;3;0;17;0;0000000000000000000000000000000000000000000000000000000000000000000000000
1.10.2023;2:52:0;6;12;11;14;0;0;2;0;0;18;16;0;5;0;15;0;00000000000000000000000000000000000000000000000000000000000000000000000
1.10.2023;2:53:0;4;12;16;18;0;0;9;0;0;17;15;0;4;0;13;0;00000000000000000000000000000000000000000000000000000000000000000000000
1.10.2023;2:54:0;13;14;18;16;0;0;6;0;0;15;17;0;4;0;17;0;0000000000000000000000000000000000000000000000000000000000000000000000
1.10.2023;2:55:0;13;19;16;14;0;0;8;0;0;14;6;0;7;0;14;0;00000000000000000000000000000000000000000000000000000000000000000000000
1.10.2023;2:56:0;18;11;14;10;0;0;8;0;2;20;0;0;10;0;17;0;0000000000000000000000000000000000000000000000000000000000000000000000
1.10.2023;2:57:0;15;6;16;11;0;0;6;0;0;17;0;0;18;0;19;0;00000000000000000000000000000000000000000000000000000000000000000000000
1.10.2023;2:58:0;16;17;17;19;0;0;5;0;0;16;0;0;19;0;17;0;0000000000000000000000000000000000000000000000000000000000000000000000
1.10.2023;2:59:0;21;18;12;14;7;2;9;1;0;19;14;0;18;0;13;3;000000000000000000000000000000000000000000000000000000000000000000000
1.10.2023;3:0:0;19;19;11;15;5;0;12;1;0;18;15;0;17;9;17;1;000000000000000000000000000000000000000000000000000000000000000000000
1.10.2023;3:1:0;17;15;15;12;2;0;3;0;0;18;15;2;18;15;16;2;000000000000000000000000000000000000000000000000000000000000000000000
1.10.2023;3:2:0;20;12;17;18;17;0;7;0;0;16;12;8;19;12;15;15;0000000000000000000000000000000000000000000000000000000000000000000
1.10.2023;3:3:0;19;17;10;20;15;0;9;0;0;17;0;19;16;17;16;17;0000000000000000000000000000000000000000000000000000000000000000000
1.10.2023;3:4:0;21;0;17;15;19;0;10;2;0;12;0;12;18;12;20;19;0000000000000000000000000000000000000000000000000000000000000000000
1.10.2023;3:5:0;18;0;15;19;20;0;11;0;0;17;4;7;18;14;15;14;00000000000000000000000000000000000000000000000000000000000000000000
1.10.2023;3:6:0;20;0;16;11;17;0;15;3;0;17;15;15;14;9;9;13;00000000000000000000000000000000000000000000000000000000000000000000
1.10.2023;3:7:0;19;0;9;19;14;0;8;1;0;19;14;8;18;13;19;13;000000000000000000000000000000000000000000000000000000000000000000000
1.10.2023;3:8:0;18;0;9;20;17;1;8;4;0;11;17;10;20;18;17;17;00000000000000000000000000000000000000000000000000000000000000000000
1.10.2023;3:9:0;16;0;5;18;15;1;5;14;0;12;4;10;19;12;13;2;000000000000000000000000000000000000000000000000000000000000000000000
1.10.2023;3:10:0;13;0;17;19;19;0;12;1;0;3;0;3;20;10;14;3;000000000000000000000000000000000000000000000000000000000000000000000
1.10.2023;3:11:0;15;0;18;19;16;0;13;0;0;1;4;0;20;4;14;0;0000000000000000000000000000000000000000000000000000000000000000000000
1.10.2023;3:12:0;17;0;15;16;16;0;7;9;0;1;14;12;18;13;16;0;00000000000000000000000000000000000000000000000000000000000000000000
1.10.2023;3:13:0;17;0;15;9;9;0;5;17;0;3;16;10;20;17;9;0;0000000000000000000000000000000000000000000000000000000000000000000000
1.10.2023;3:14:0;20;0;13;12;12;0;8;3;0;11;4;9;20;14;15;0;000000000000000000000000000000000000000000000000000000000000000000000
1.10.2023;3:15:0;16;0;12;16;15;0;12;10;0;14;16;9;16;17;14;0;000000000000000000000000000000000000000000000000000000000000000000
1.10.2023;3:16:0;16;0;15;17;14;0;0;14;0;17;8;9;19;17;13;0;00000000000000000000000000000000000000000000000000000000000000000000
1.10.2023;3:17:0;13;0;14;16;7;0;12;15;0;21;4;3;17;14;18;0;00000000000000000000000000000000000000000000000000000000000000000000
1.10.2023;3:18:0;17;0;19;20;17;0;10;13;0;17;17;10;16;15;14;0;00000000000000000000000000000000000000000000000000000000000000000
1.10.2023;3:19:0;16;0;11;17;19;0;15;12;0;17;15;16;22;13;16;0;00000000000000000000000000000000000000000000000000000000000000000
1.10.2023;3:20:0;20;0;11;16;17;0;17;19;0;16;10;17;18;12;15;0;00000000000000000000000000000000000000000000000000000000000000000
1.10.2023;3:21:0;11;0;11;6;18;0;14;11;0;8;0;6;16;9;16;0;0000000000000000000000000000000000000000000000000000000000000000000000
1.10.2023;3:22:0;10;0;6;3;13;0;11;5;0;14;0;1;20;12;18;0;0000000000000000000000000000000000000000000000000000000000000000000000
1.10.2023;3:23:0;11;0;0;8;13;0;4;2;0;19;0;7;10;12;15;0;00000000000000000000000000000000000000000000000000000000000000000000000
1.10.2023;3:24:0;18;0;0;8;16;0;0;0;0;18;0;5;13;15;17;0;00000000000000000000000000000000000000000000000000000000000000000000000
1.10.2023;3:25:0;6;0;0;19;22;0;0;0;0;18;0;1;20;14;18;0;00000000000000000000000000000000000000000000000000000000000000000000000
1.10.2023;3:26:0;8;0;0;7;22;0;2;1;0;21;0;4;17;15;16;0;000000000000000000000000000000000000000000000000000000000000000000000000
1.10.2023;3:27:0;4;0;0;3;18;0;3;1;0;13;0;14;17;17;18;0;00000000000000000000000000000000000000000000000000000000000000000000000
1.10.2023;3:28:0;10;0;0;1;16;0;0;13;0;19;0;12;15;15;13;0;000000000000000000000000000000000000000000000000000000000000000000000
1.10.2023;3:29:0;11;0;0;14;19;0;5;16;0;19;0;0;13;17;15;0;000000000000000000000000000000000000000000000000000000000000000000000
1.10.2023;3:30:0;8;0;0;3;13;0;10;7;0;12;0;0;19;16;12;0;00000000000000000000000000000000000000000000000000000000000000000000000
1.10.2023;3:31:0;12;0;0;17;15;0;9;0;0;4;0;1;17;12;15;0;00000000000000000000000000000000000000000000000000000000000000000000000
1.10.2023;3:32:0;13;0;0;20;11;0;4;1;14;1;0;19;14;15;14;0;000000000000000000000000000000000000000000000000000000000000000000000
1.10.2023;3:33:0;16;0;0;18;15;0;0;0;16;1;0;9;17;13;15;0;0000000000000000000000000000000000000000000000000000000000000000000000
1.10.2023;3:34:0;9;0;0;17;15;0;0;0;21;0;0;4;16;12;16;2;00000000000000000000000000000000000000000000000000000000000000000000000
1.10.2023;3:35:0;13;0;0;17;15;0;0;3;19;0;0;3;21;6;16;0;00000000000000000000000000000000000000000000000000000000000000000000000
1.10.2023;3:36:0;12;0;0;17;16;0;0;1;18;0;0;0;19;0;12;0;00000000000000000000000000000000000000000000000000000000000000000000000
1.10.2023;3:37:0;12;0;0;20;15;0;0;2;20;0;0;0;18;0;14;0;00000000000000000000000000000000000000000000000000000000000000000000000
1.10.2023;3:38:0;13;0;0;15;19;1;1;0;17;0;0;0;18;0;17;0;00000000000000000000000000000000000000000000000000000000000000000000000
1.10.2023;3:39:0;14;0;0;20;20;0;6;0;16;0;0;12;17;0;17;0;0000000000000000000000000000000000000000000000000000000000000000000000
1.10.2023;3:40:0;12;0;0;20;16;0;8;2;15;0;0;15;18;0;16;0;0000000000000000000000000000000000000000000000000000000000000000000000
1.10.2023;3:41:0;10;0;0;19;11;0;6;9;16;0;0;3;16;0;17;0;00000000000000000000000000000000000000000000000000000000000000000000000
1.10.2023;3:42:0;13;0;0;17;16;0;10;16;15;0;0;0;18;0;14;0;000000000000000000000000000000000000000000000000000000000000000000000
1.10.2023;3:43:0;9;0;0;11;18;0;8;13;17;0;0;0;18;0;17;0;00000000000000000000000000000000000000000000000000000000000000000000000
1.10.2023;3:44:0;14;0;0;2;18;0;5;16;15;0;0;0;15;0;17;0;00000000000000000000000000000000000000000000000000000000000000000000000
1.10.2023;3:45:0;12;0;0;2;12;0;11;15;16;0;0;0;18;0;17;0;0000000000000000000000000000000000000000000000000000000000000000000000
1.10.2023;3:46:0;16;0;0;0;8;0;11;1;14;0;0;0;15;0;15;0;000000000000000000000000000000000000000000000000000000000000000000000000
1.10.2023;3:47:0;11;0;0;0;2;0;10;1;16;0;0;0;17;0;12;0;000000000000000000000000000000000000000000000000000000000000000000000000
1.10.2023;3:48:0;1;0;0;1;18;0;12;1;11;0;0;0;21;0;11;0;000000000000000000000000000000000000000000000000000000000000000000000000
1.10.2023;3:49:0;0;0;0;0;17;0;10;2;11;0;0;0;12;0;12;0;000000000000000000000000000000000000000000000000000000000000000000000000
1.10.2023;3:50:0;0;0;0;0;9;0;10;1;11;0;0;0;16;0;17;0;0000000000000000000000000000000000000000000000000000000000000000000000000
1.10.2023;3:51:0;9;0;0;0;1;0;9;0;17;0;0;0;16;0;16;0;00000000000000000000000000000000000000000000000000000000000000000000000000
1.10.2023;3:52:0;4;0;0;0;0;0;8;0;16;0;0;0;21;0;18;0;00000000000000000000000000000000000000000000000000000000000000000000000000
1.10.2023;3:53:0;4;0;0;8;1;0;9;0;14;0;0;0;16;0;18;0;00000000000000000000000000000000000000000000000000000000000000000000000000
1.10.2023;3:54:0;15;0;0;13;0;0;7;1;16;0;0;0;15;0;8;0;0000000000000000000000000000000000000000000000000000000000000000000000000
1.10.2023;3:55:0;16;0;0;19;0;0;0;2;15;0;0;0;19;0;0;0;0000000000000000000000000000000000000000000000000000000000000000000000000
1.10.2023;3:56:0;12;0;0;17;0;0;0;0;17;0;0;0;20;0;0;0;0000000000000000000000000000000000000000000000000000000000000000000000000
1.10.2023;3:57:0;16;0;0;7;0;0;0;0;18;0;0;0;18;0;0;0;00000000000000000000000000000000000000000000000000000000000000000000000000
1.10.2023;3:58:0;16;0;0;7;0;0;9;0;12;0;0;0;18;0;0;0;00000000000000000000000000000000000000000000000000000000000000000000000000
1.10.2023;3:59:0;14;6;0;13;0;0;9;1;14;0;0;0;21;0;0;0;0000000000000000000000000000000000000000000000000000000000000000000000000
1.10.2023;4:0:0;9;16;0;15;0;0;11;0;15;0;0;0;17;0;0;0;0000000000000000000000000000000000000000000000000000000000000000000000000
1.10.2023;4:1:0;12;21;0;18;0;0;7;0;12;0;0;0;20;0;0;0;0000000000000000000000000000000000000000000000000000000000000000000000000
1.10.2023;4:2:0;17;20;0;18;0;0;7;0;9;0;0;0;13;0;0;0;00000000000000000000000000000000000000000000000000000000000000000000000000
1.10.2023;4:3:0;12;13;0;12;0;0;11;0;14;0;0;0;9;0;0;0;0000000000000000000000000000000000000000000000000000000000000000000000000
1.10.2023;4:4:0;6;14;0;16;0;0;12;0;12;0;0;0;11;0;0;0;0000000000000000000000000000000000000000000000000000000000000000000000000
1.10.2023;4:5:0;4;16;0;18;0;0;16;0;18;0;0;10;13;0;0;0;000000000000000000000000000000000000000000000000000000000000000000000000
1.10.2023;4:6:0;14;20;0;17;0;0;10;0;17;0;0;11;17;0;0;0;00000000000000000000000000000000000000000000000000000000000000000000000
1.10.2023;4:7:0;18;9;0;18;0;0;12;0;13;0;0;17;18;0;0;0;000000000000000000000000000000000000000000000000000000000000000000000000
1.10.2023;4:8:0;16;14;0;18;0;0;8;2;13;0;0;16;18;0;0;0;000000000000000000000000000000000000000000000000000000000000000000000000
1.10.2023;4:9:0;5;7;0;20;0;0;0;1;12;0;0;0;21;0;0;0;000000000000000000000000000000000000000000000000000000000000000000000000000
1.10.2023;4:10:0;15;2;0;15;1;0;0;0;16;0;0;0;18;0;0;0;0000000000000000000000000000000000000000000000000000000000000000000000000
1.10.2023;4:11:0;15;6;0;13;0;0;0;0;14;0;0;3;22;0;0;0;0000000000000000000000000000000000000000000000000000000000000000000000000
1.10.2023;4:12:0;17;12;0;14;0;0;0;0;10;0;0;17;16;0;0;0;00000000000000000000000000000000000000000000000000000000000000000000000
1.10.2023;4:13:0;15;5;0;24;0;0;0;0;13;0;0;12;16;0;0;0;000000000000000000000000000000000000000000000000000000000000000000000000
1.10.2023;4:14:0;19;10;0;15;0;0;0;1;13;0;0;8;15;0;0;0;000000000000000000000000000000000000000000000000000000000000000000000000
1.10.2023;4:15:0;13;12;0;17;0;0;0;2;17;0;0;2;18;0;0;0;000000000000000000000000000000000000000000000000000000000000000000000000
1.10.2023;4:16:0;5;10;0;14;0;0;0;2;13;0;0;12;20;0;0;0;000000000000000000000000000000000000000000000000000000000000000000000000
1.10.2023;4:17:0;9;10;0;15;0;0;0;0;16;0;0;9;19;0;0;0;0000000000000000000000000000000000000000000000000000000000000000000000000
1.10.2023;4:18:0;8;14;0;16;1;1;0;0;14;0;0;11;21;7;0;0;000000000000000000000000000000000000000000000000000000000000000000000000
1.10.2023;4:19:0;10;14;0;19;7;0;0;0;17;0;0;14;15;16;0;0;0000000000000000000000000000000000000000000000000000000000000000000000
1.10.2023;4:20:0;1;11;0;23;6;0;0;0;14;0;0;8;5;16;0;0;0000000000000000000000000000000000000000000000000000000000000000000000000
1.10.2023;4:21:0;9;16;0;6;6;0;0;0;14;0;0;7;1;19;0;0;00000000000000000000000000000000000000000000000000000000000000000000000000
1.10.2023;4:22:0;19;19;0;3;16;0;0;3;13;0;0;9;0;18;0;0;000000000000000000000000000000000000000000000000000000000000000000000000
1.10.2023;4:23:0;17;16;1;0;14;0;0;0;15;0;0;6;3;17;0;5;000000000000000000000000000000000000000000000000000000000000000000000000
1.10.2023;4:24:0;16;18;4;0;7;0;0;0;12;0;0;18;0;14;0;3;000000000000000000000000000000000000000000000000000000000000000000000000
1.10.2023;4:25:0;17;20;4;0;5;0;0;0;18;0;0;14;0;13;0;16;00000000000000000000000000000000000000000000000000000000000000000000000
1.10.2023;4:26:0;14;19;4;1;13;0;0;0;16;0;0;15;0;10;0;16;0000000000000000000000000000000000000000000000000000000000000000000000
1.10.2023;4:27:0;17;17;7;0;12;0;0;0;13;0;0;14;0;1;0;18;00000000000000000000000000000000000000000000000000000000000000000000000
1.10.2023;4:28:0;17;17;4;0;8;0;0;0;12;0;0;10;0;1;0;16;000000000000000000000000000000000000000000000000000000000000000000000000
1.10.2023;4:29:0;16;18;11;0;1;0;0;0;12;0;0;12;0;0;0;18;00000000000000000000000000000000000000000000000000000000000000000000000
1.10.2023;4:30:0;13;11;12;0;0;0;0;0;15;0;0;9;2;0;0;18;000000000000000000000000000000000000000000000000000000000000000000000000
1.10.2023;4:31:0;13;16;9;0;0;0;0;0;13;0;0;6;0;1;0;12;0000000000000000000000000000000000000000000000000000000000000000000000000
1.10.2023;4:32:0;16;17;10;3;0;1;0;3;15;0;0;7;4;0;0;11;000000000000000000000000000000000000000000000000000000000000000000000000
1.10.2023;4:33:0;15;14;11;8;0;0;15;2;13;0;0;7;4;0;0;15;00000000000000000000000000000000000000000000000000000000000000000000000
1.10.2023;4:34:0;16;1;12;22;0;0;18;0;15;0;0;9;1;0;0;8;000000000000000000000000000000000000000000000000000000000000000000000000
1.10.2023;4:35:0;14;0;8;16;0;0;16;0;15;0;0;6;11;0;0;0;000000000000000000000000000000000000000000000000000000000000000000000000
1.10.2023;4:36:0;16;0;14;17;0;0;12;0;12;0;7;8;0;0;0;0;000000000000000000000000000000000000000000000000000000000000000000000000
1.10.2023;4:37:0;15;0;14;18;0;0;5;0;12;0;17;1;0;0;0;0;000000000000000000000000000000000000000000000000000000000000000000000000
1.10.2023;4:38:0;15;0;15;17;0;0;8;0;16;0;19;5;0;0;0;0;000000000000000000000000000000000000000000000000000000000000000000000000
1.10.2023;4:39:0;14;0;13;17;0;0;10;0;14;0;16;3;1;0;0;0;00000000000000000000000000000000000000000000000000000000000000000000000
1.10.2023;4:40:0;17;0;12;15;0;0;8;2;14;1;13;11;0;0;0;0;00000000000000000000000000000000000000000000000000000000000000000000000
1.10.2023;4:41:0;15;0;14;14;1;0;5;0;12;6;19;9;2;0;0;0;000000000000000000000000000000000000000000000000000000000000000000000000
1.10.2023;4:42:0;16;0;14;20;0;0;10;6;12;0;18;17;0;0;0;0;0000000000000000000000000000000000000000000000000000000000000000000000
1.10.2023;4:43:0;14;0;12;17;0;0;9;1;16;0;17;10;0;0;0;0;00000000000000000000000000000000000000000000000000000000000000000000000
1.10.2023;4:44:0;14;0;15;17;0;0;14;2;15;5;18;14;0;0;0;0;0000000000000000000000000000000000000000000000000000000000000000000000
1.10.2023;4:45:0;17;0;14;17;0;0;7;0;10;10;13;14;0;0;0;0;0000000000000000000000000000000000000000000000000000000000000000000000
1.10.2023;4:46:0;14;0;15;3;1;0;6;0;16;12;11;15;0;0;0;0;00000000000000000000000000000000000000000000000000000000000000000000000
1.10.2023;4:47:0;17;0;11;4;0;0;10;0;15;15;15;5;0;0;2;0;00000000000000000000000000000000000000000000000000000000000000000000000
1.10.2023;4:48:0;17;0;13;5;0;0;13;0;15;14;17;0;2;0;3;0;00000000000000000000000000000000000000000000000000000000000000000000000
1.10.2023;4:49:0;17;0;11;2;0;1;15;0;13;4;17;0;0;0;0;0;000000000000000000000000000000000000000000000000000000000000000000000000
1.10.2023;4:50:0;15;0;8;4;0;0;9;0;13;4;15;0;0;0;0;0;00000000000000000000000000000000000000000000000000000000000000000000000000
1.10.2023;4:51:0;0;0;13;2;0;0;6;0;15;0;18;0;0;0;0;0;00000000000000000000000000000000000000000000000000000000000000000000000000
1.10.2023;4:52:0;13;0;10;3;0;0;6;0;14;10;13;0;0;0;0;0;000000000000000000000000000000000000000000000000000000000000000000000000
1.10.2023;4:53:0;18;0;13;17;0;0;10;0;12;12;13;0;0;0;0;0;0000000000000000000000000000000000000000000000000000000000000000000000
1.10.2023;4:54:0;18;0;10;16;0;2;0;1;14;18;19;0;0;0;0;0;00000000000000000000000000000000000000000000000000000000000000000000000
1.10.2023;4:55:0;17;0;13;21;0;0;3;1;13;20;14;0;0;0;0;0;00000000000000000000000000000000000000000000000000000000000000000000000
1.10.2023;4:56:0;16;0;15;19;0;0;12;0;10;13;14;0;4;0;0;0;0000000000000000000000000000000000000000000000000000000000000000000000
1.10.2023;4:57:0;11;0;9;16;0;0;11;0;1;10;0;0;1;0;0;0;0000000000000000000000000000000000000000000000000000000000000000000000000
1.10.2023;4:58:0;10;0;10;15;0;0;16;0;1;6;0;0;2;0;0;0;0000000000000000000000000000000000000000000000000000000000000000000000000
1.10.2023;4:59:0;4;0;13;16;0;0;9;0;10;2;0;0;0;0;0;0;00000000000000000000000000000000000000000000000000000000000000000000000000
1.10.2023;5:0:0;3;0;6;9;0;0;4;0;18;9;2;0;0;0;0;0;00000000000000000000000000000000000000000000000000000000000000000000000000000
1.10.2023;5:1:0;0;0;6;2;0;0;12;0;14;15;18;0;0;0;0;0;00000000000000000000000000000000000000000000000000000000000000000000000000
1.10.2023;5:2:0;0;0;14;5;0;0;8;0;18;17;12;0;0;0;0;0;00000000000000000000000000000000000000000000000000000000000000000000000000
1.10.2023;5:3:0;0;0;13;4;0;0;8;0;9;17;1;0;2;0;0;0;0000000000000000000000000000000000000000000000000000000000000000000000000000
1.10.2023;5:4:0;0;0;11;6;0;0;13;0;8;17;0;0;0;0;0;0;000000000000000000000000000000000000000000000000000000000000000000000000000
1.10.2023;5:5:0;2;0;14;4;1;0;9;0;7;17;0;0;2;0;0;0;0000000000000000000000000000000000000000000000000000000000000000000000000000
1.10.2023;5:6:0;0;0;7;0;5;0;9;0;13;16;0;0;12;0;0;0;000000000000000000000000000000000000000000000000000000000000000000000000000
1.10.2023;5:7:0;0;0;0;0;2;0;12;0;16;16;0;0;1;1;0;0;000000000000000000000000000000000000000000000000000000000000000000000000000
1.10.2023;5:8:0;0;0;0;0;1;0;13;1;17;21;0;0;0;0;0;0;000000000000000000000000000000000000000000000000000000000000000000000000000
1.10.2023;5:9:0;0;0;0;1;0;0;8;1;16;15;0;0;0;0;0;0;0000000000000000000000000000000000000000000000000000000000000000000000000000
1.10.2023;5:10:0;0;0;0;0;3;0;12;0;14;17;0;0;0;0;0;0;00000000000000000000000000000000000000000000000000000000000000000000000000
1.10.2023;5:11:0;0;0;0;3;0;0;11;0;0;9;0;0;0;0;0;0;0000000000000000000000000000000000000000000000000000000000000000000000000000
1.10.2023;5:12:0;0;0;0;2;4;3;11;0;0;17;0;0;0;0;0;0;000000000000000000000000000000000000000000000000000000000000000000000000000
1.10.2023;5:13:0;0;0;0;2;0;0;12;0;12;18;0;0;0;0;0;0;00000000000000000000000000000000000000000000000000000000000000000000000000
1.10.2023;5:14:0;2;0;0;2;1;0;13;2;18;17;0;0;0;5;0;0;00000000000000000000000000000000000000000000000000000000000000000000000000
1.10.2023;5:15:0;14;0;6;13;1;0;7;0;14;14;0;0;0;0;0;5;0000000000000000000000000000000000000000000000000000000000000000000000000
1.10.2023;5:16:0;1;0;0;11;1;5;15;0;18;11;0;0;1;0;0;0;0000000000000000000000000000000000000000000000000000000000000000000000000
1.10.2023;5:17:0;0;0;8;20;0;0;13;0;11;16;0;0;0;0;0;2;0000000000000000000000000000000000000000000000000000000000000000000000000
1.10.2023;5:18:0;0;0;11;18;1;0;12;0;14;18;0;0;0;2;0;2;000000000000000000000000000000000000000000000000000000000000000000000000
1.10.2023;5:19:0;1;0;12;17;0;0;10;0;11;14;0;0;0;8;0;2;000000000000000000000000000000000000000000000000000000000000000000000000
1.10.2023;5:20:0;0;0;15;13;0;0;12;0;20;16;0;0;0;6;0;1;000000000000000000000000000000000000000000000000000000000000000000000000
1.10.2023;5:21:0;0;0;0;19;0;0;11;0;13;14;0;0;1;11;0;1;000000000000000000000000000000000000000000000000000000000000000000000000
1.10.2023;5:22:0;0;0;0;8;0;0;3;0;11;15;0;0;0;7;0;3;000000000000000000000000000000000000000000000000000000000000000000000000000
1.10.2023;5:23:0;0;0;0;19;5;0;6;0;17;19;0;0;0;13;0;6;0000000000000000000000000000000000000000000000000000000000000000000000000
1.10.2023;5:24:0;0;0;0;16;0;0;5;0;10;16;0;0;2;9;0;9;00000000000000000000000000000000000000000000000000000000000000000000000000
1.10.2023;5:25:0;0;0;0;16;0;0;8;0;0;16;0;0;0;2;0;9;000000000000000000000000000000000000000000000000000000000000000000000000000
1.10.2023;5:26:0;0;2;0;7;3;0;9;0;0;13;0;3;0;2;0;6;0000000000000000000000000000000000000000000000000000000000000000000000000000
1.10.2023;5:27:0;0;3;0;9;6;2;10;0;0;14;0;13;3;6;0;6;00000000000000000000000000000000000000000000000000000000000000000000000000
1.10.2023;5:28:0;1;1;0;21;1;0;3;0;8;12;0;14;0;0;0;12;0000000000000000000000000000000000000000000000000000000000000000000000000
1.10.2023;5:29:0;0;0;0;20;0;0;11;0;2;15;0;14;0;1;0;10;000000000000000000000000000000000000000000000000000000000000000000000000
1.10.2023;5:30:0;0;0;0;21;0;0;13;0;12;9;0;15;0;0;0;7;0000000000000000000000000000000000000000000000000000000000000000000000000
1.10.2023;5:31:0;0;0;0;15;0;0;12;0;16;16;0;6;0;0;0;5;0000000000000000000000000000000000000000000000000000000000000000000000000
1.10.2023;5:32:0;0;0;0;14;4;0;11;0;13;15;0;0;0;0;0;13;000000000000000000000000000000000000000000000000000000000000000000000000
1.10.2023;5:33:0;0;0;0;8;2;0;13;0;17;19;0;0;0;0;0;13;0000000000000000000000000000000000000000000000000000000000000000000000000
1.10.2023;5:34:0;0;0;0;5;0;0;12;0;16;17;0;15;0;1;0;10;000000000000000000000000000000000000000000000000000000000000000000000000
1.10.2023;5:35:0;0;0;0;3;0;0;12;0;17;15;0;2;0;0;0;0;00000000000000000000000000000000000000000000000000000000000000000000000000
1.10.2023;5:36:0;0;0;0;7;0;0;13;0;10;14;0;0;6;1;0;0;00000000000000000000000000000000000000000000000000000000000000000000000000
1.10.2023;5:37:0;0;0;0;11;0;0;18;0;13;14;0;1;5;0;0;2;0000000000000000000000000000000000000000000000000000000000000000000000000
1.10.2023;5:38:0;0;1;0;10;0;0;18;1;13;14;0;11;5;0;0;3;000000000000000000000000000000000000000000000000000000000000000000000000
1.10.2023;5:39:0;4;0;0;14;7;0;19;1;17;19;0;15;0;0;0;2;000000000000000000000000000000000000000000000000000000000000000000000000
1.10.2023;5:40:0;9;0;1;15;1;0;19;0;17;13;0;4;0;0;0;0;0000000000000000000000000000000000000000000000000000000000000000000000000
1.10.2023;5:41:0;2;0;5;14;0;0;4;0;9;17;0;1;0;0;0;0;000000000000000000000000000000000000000000000000000000000000000000000000000
1.10.2023;5:42:0;3;0;2;13;2;0;18;0;13;19;0;5;0;2;0;0;0000000000000000000000000000000000000000000000000000000000000000000000000
1.10.2023;5:43:0;8;0;0;18;11;0;12;0;17;17;0;16;2;1;0;1;00000000000000000000000000000000000000000000000000000000000000000000000
1.10.2023;5:44:0;5;0;0;17;10;0;7;0;12;14;0;2;0;0;0;1;0000000000000000000000000000000000000000000000000000000000000000000000000
1.10.2023;5:45:0;9;0;4;12;3;0;15;0;17;15;0;3;0;0;0;1;0000000000000000000000000000000000000000000000000000000000000000000000000
1.10.2023;5:46:0;4;0;4;18;6;0;3;0;15;12;0;5;0;0;0;0;00000000000000000000000000000000000000000000000000000000000000000000000000
1.10.2023;5:47:0;3;0;8;15;9;0;0;0;17;18;0;14;0;0;0;0;0000000000000000000000000000000000000000000000000000000000000000000000000
1.10.2023;5:48:0;5;0;11;11;2;0;0;0;13;16;0;9;0;0;0;0;0000000000000000000000000000000000000000000000000000000000000000000000000
1.10.2023;5:49:0;7;0;4;8;11;2;0;1;11;17;0;11;0;0;0;0;0000000000000000000000000000000000000000000000000000000000000000000000000
1.10.2023;5:50:0;2;2;0;8;9;0;0;0;11;15;0;11;0;0;0;1;00000000000000000000000000000000000000000000000000000000000000000000000000
1.10.2023;5:51:0;1;0;2;16;9;0;0;0;12;16;0;14;0;0;0;2;0000000000000000000000000000000000000000000000000000000000000000000000000
1.10.2023;5:52:0;2;0;7;13;9;2;0;0;16;16;0;11;0;0;0;15;000000000000000000000000000000000000000000000000000000000000000000000000
1.10.2023;5:53:0;4;1;4;12;10;0;0;0;15;7;0;13;0;0;0;2;0000000000000000000000000000000000000000000000000000000000000000000000000
1.10.2023;5:54:0;3;1;0;13;12;0;0;0;17;17;1;0;0;0;0;3;0000000000000000000000000000000000000000000000000000000000000000000000000
1.10.2023;5:55:0;7;3;9;15;9;0;3;0;16;19;0;0;1;0;0;2;00000000000000000000000000000000000000000000000000000000000000000000000000
1.10.2023;5:56:0;3;10;11;23;4;2;14;0;20;10;0;0;2;0;0;10;0000000000000000000000000000000000000000000000000000000000000000000000
1.10.2023;5:57:0;5;10;4;16;10;1;17;0;16;7;0;0;7;0;0;15;00000000000000000000000000000000000000000000000000000000000000000000000
1.10.2023;5:58:0;5;8;6;21;13;0;15;1;19;16;0;0;1;0;0;12;00000000000000000000000000000000000000000000000000000000000000000000000
1.10.2023;5:59:0;1;10;5;10;14;2;13;1;20;10;0;0;1;0;14;12;000000000000000000000000000000000000000000000000000000000000000000000
1.10.2023;6:0:0;0;13;9;14;12;6;19;0;18;13;0;0;0;0;14;18;0000000000000000000000000000000000000000000000000000000000000000000000
1.10.2023;6:1:0;7;16;10;19;12;6;14;2;16;3;0;0;0;9;8;19;00000000000000000000000000000000000000000000000000000000000000000000000
1.10.2023;6:2:0;5;8;3;14;11;6;12;0;16;0;0;0;0;9;1;16;0000000000000000000000000000000000000000000000000000000000000000000000000
1.10.2023;6:3:0;2;17;6;8;0;0;7;0;16;0;0;0;0;7;0;14;000000000000000000000000000000000000000000000000000000000000000000000000000
1.10.2023;6:4:0;8;9;5;17;0;6;13;0;12;8;0;0;0;7;7;17;00000000000000000000000000000000000000000000000000000000000000000000000000
1.10.2023;6:5:0;6;13;11;19;3;13;16;7;17;2;0;0;0;7;6;9;000000000000000000000000000000000000000000000000000000000000000000000000
1.10.2023;6:6:0;13;15;14;16;20;13;21;10;15;3;0;0;0;11;11;17;000000000000000000000000000000000000000000000000000000000000000000
1.10.2023;6:7:0;14;13;16;22;10;10;16;5;19;14;0;0;1;15;15;18;000000000000000000000000000000000000000000000000000000000000000000
1.10.2023;6:8:0;14;19;14;19;7;11;9;0;20;10;0;0;2;15;14;18;00000000000000000000000000000000000000000000000000000000000000000000
1.10.2023;6:9:0;14;15;16;13;11;11;17;0;16;10;0;0;2;10;12;7;0000000000000000000000000000000000000000000000000000000000000000000
1.10.2023;6:10:0;8;14;10;13;14;9;17;1;18;12;0;0;1;7;11;18;00000000000000000000000000000000000000000000000000000000000000000000
1.10.2023;6:11:0;15;14;12;15;11;14;19;11;16;15;1;0;0;15;17;11;0000000000000000000000000000000000000000000000000000000000000000
1.10.2023;6:12:0;13;8;10;13;10;14;18;12;20;13;3;0;0;2;9;17;0000000000000000000000000000000000000000000000000000000000000000000
1.10.2023;6:13:0;18;14;17;14;16;12;18;13;18;15;12;0;3;4;14;15;0000000000000000000000000000000000000000000000000000000000000000
1.10.2023;6:14:0;15;5;12;16;18;15;14;12;16;10;18;0;2;9;17;18;00000000000000000000000000000000000000000000000000000000000000000
1.10.2023;6:15:0;7;11;16;12;17;14;11;16;16;11;20;0;2;11;14;18;0000000000000000000000000000000000000000000000000000000000000000
1.10.2023;6:16:0;19;13;15;13;6;17;13;20;17;12;19;0;8;4;15;17;00000000000000000000000000000000000000000000000000000000000000000
1.10.2023;6:17:0;7;16;5;14;10;15;11;17;21;14;18;0;9;13;15;15;00000000000000000000000000000000000000000000000000000000000000000
1.10.2023;6:18:0;18;11;16;13;17;9;12;17;18;4;21;0;7;15;15;15;00000000000000000000000000000000000000000000000000000000000000000
1.10.2023;6:19:0;16;14;15;7;19;14;13;17;19;8;18;0;6;1;15;14;000000000000000000000000000000000000000000000000000000000000000000
1.10.2023;6:20:0;18;10;17;11;17;15;16;16;19;19;9;5;8;7;16;15;00000000000000000000000000000000000000000000000000000000000000000
1.10.2023;6:21:0;18;9;18;15;19;11;11;16;22;12;18;11;9;0;13;16;0000000000000000000000000000000000000000000000000000000000000000
1.10.2023;6:22:0;17;13;14;10;12;19;14;18;15;7;19;5;8;0;14;11;00000000000000000000000000000000000000000000000000000000000000000
1.10.2023;6:23:0;16;7;15;1;7;16;18;21;18;12;15;4;10;2;13;15;000000000000000000000000000000000000000000000000000000000000000000
1.10.2023;6:24:0;14;9;11;14;17;10;14;17;20;16;17;4;4;2;18;14;00000000000000000000000000000000000000000000000000000000000000000
1.10.2023;6:25:0;23;7;5;11;18;5;17;14;16;17;18;11;4;8;13;15;000000000000000000000000000000000000000000000000000000000000000000
1.10.2023;6:26:0;17;9;19;10;21;13;19;16;17;18;20;13;3;10;16;15;000000000000000000000000000000000000000000000000000000000000000
1.10.2023;6:27:0;7;7;20;4;20;22;15;17;18;16;13;12;4;9;15;15;000000000000000000000000000000000000000000000000000000000000000000
1.10.2023;6:28:0;15;17;22;17;5;16;21;19;8;13;10;11;13;9;11;12;0000000000000000000000000000000000000000000000000000000000000000
1.10.2023;6:29:0;14;12;21;12;19;19;22;16;15;18;23;16;13;10;13;16;0000000000000000000000000000000000000000000000000000000000000
1.10.2023;6:30:0;13;7;19;18;18;19;18;17;7;18;17;13;6;4;12;8;000000000000000000000000000000000000000000000000000000000000000000
1.10.2023;6:31:0;14;12;17;10;12;16;21;18;15;12;13;2;7;8;7;6;000000000000000000000000000000000000000000000000000000000000000000
1.10.2023;6:32:0;10;11;17;3;13;13;20;20;13;16;16;4;7;7;16;12;00000000000000000000000000000000000000000000000000000000000000000
1.10.2023;6:33:0;8;12;16;2;17;22;16;20;11;13;9;13;8;8;12;8;0000000000000000000000000000000000000000000000000000000000000000000
1.10.2023;6:34:0;10;10;6;6;20;18;18;20;7;16;0;2;5;9;17;5;000000000000000000000000000000000000000000000000000000000000000000000
1.10.2023;6:35:0;6;5;15;3;20;7;13;17;2;17;1;2;6;15;13;9;0000000000000000000000000000000000000000000000000000000000000000000000
1.10.2023;6:36:0;6;5;14;0;17;5;15;19;0;17;5;4;4;2;7;14;00000000000000000000000000000000000000000000000000000000000000000000000
1.10.2023;6:37:0;7;5;20;7;17;13;13;19;5;17;0;5;6;9;13;20;000000000000000000000000000000000000000000000000000000000000000000000
1.10.2023;6:38:0;12;5;15;12;17;9;17;12;0;18;7;4;9;6;11;18;00000000000000000000000000000000000000000000000000000000000000000000
1.10.2023;6:39:0;15;9;20;8;20;21;12;15;0;18;8;8;11;11;15;10;000000000000000000000000000000000000000000000000000000000000000000
1.10.2023;6:40:0;11;10;16;15;20;14;19;16;1;16;17;10;13;14;11;15;00000000000000000000000000000000000000000000000000000000000000
1.10.2023;6:41:0;13;0;14;4;18;11;8;14;1;15;20;6;9;11;15;18;0000000000000000000000000000000000000000000000000000000000000000000
1.10.2023;6:42:0;8;12;13;3;18;10;8;15;0;15;20;11;11;11;8;22;000000000000000000000000000000000000000000000000000000000000000000
1.10.2023;6:43:0;16;12;18;3;19;4;12;19;0;14;14;11;10;15;11;15;0000000000000000000000000000000000000000000000000000000000000000
1.10.2023;6:44:0;15;11;11;7;12;8;4;17;0;18;16;5;14;18;22;16;000000000000000000000000000000000000000000000000000000000000000000
1.10.2023;6:45:0;13;3;11;4;6;10;2;14;0;15;14;4;13;15;20;21;0000000000000000000000000000000000000000000000000000000000000000000
1.10.2023;6:46:0;8;9;12;3;12;8;0;15;0;19;11;4;7;12;13;22;000000000000000000000000000000000000000000000000000000000000000000000
1.10.2023;6:47:0;14;8;4;2;17;11;0;16;0;11;18;12;13;10;7;21;0000000000000000000000000000000000000000000000000000000000000000000
1.10.2023;6:48:0;12;14;15;7;7;7;2;19;0;20;19;5;3;12;2;19;000000000000000000000000000000000000000000000000000000000000000000000
1.10.2023;6:49:0;4;9;19;1;15;8;0;20;0;16;20;7;8;6;5;14;00000000000000000000000000000000000000000000000000000000000000000000000
1.10.2023;6:50:0;14;16;15;0;17;10;0;13;0;10;18;3;1;14;8;17;0000000000000000000000000000000000000000000000000000000000000000000
1.10.2023;6:51:0;15;14;15;0;16;9;7;18;0;12;15;3;0;19;12;14;0000000000000000000000000000000000000000000000000000000000000000000
1.10.2023;6:52:0;15;14;14;2;14;9;7;18;11;17;22;16;0;16;9;18;000000000000000000000000000000000000000000000000000000000000000000
1.10.2023;6:53:0;15;13;13;1;17;16;13;18;5;14;18;7;0;17;9;20;000000000000000000000000000000000000000000000000000000000000000000
1.10.2023;6:54:0;12;13;15;0;19;21;13;17;8;6;17;11;0;12;6;19;000000000000000000000000000000000000000000000000000000000000000000
1.10.2023;6:55:0;12;14;14;5;15;8;10;14;0;1;20;7;0;10;3;1;000000000000000000000000000000000000000000000000000000000000000000000
1.10.2023;6:56:0;9;12;5;14;8;6;5;17;1;8;21;7;0;12;4;2;000000000000000000000000000000000000000000000000000000000000000000000000
1.10.2023;6:57:0;13;4;0;9;21;7;2;15;0;11;21;12;0;16;9;8;0000000000000000000000000000000000000000000000000000000000000000000000
1.10.2023;6:58:0;10;15;12;0;17;8;0;18;1;16;18;15;0;8;13;0;00000000000000000000000000000000000000000000000000000000000000000000
1.10.2023;6:59:0;3;18;14;1;17;15;9;17;0;14;14;11;2;8;18;2;00000000000000000000000000000000000000000000000000000000000000000000
1.10.2023;7:0:0;6;9;13;4;16;9;0;15;0;14;22;16;0;8;18;9;00000000000000000000000000000000000000000000000000000000000000000000000
1.10.2023;7:1:0;9;14;15;0;16;12;0;14;0;15;16;8;4;10;9;7;0000000000000000000000000000000000000000000000000000000000000000000000
1.10.2023;7:2:0;7;15;14;6;11;9;0;21;0;11;20;7;3;10;5;9;00000000000000000000000000000000000000000000000000000000000000000000000
1.10.2023;7:3:0;11;11;12;2;7;16;0;19;1;11;19;11;3;8;9;11;000000000000000000000000000000000000000000000000000000000000000000000
1.10.2023;7:4:0;5;15;9;1;7;7;0;20;3;13;22;8;8;15;8;4;0000000000000000000000000000000000000000000000000000000000000000000000000
1.10.2023;7:5:0;5;10;17;0;11;4;0;14;2;12;22;16;5;16;12;15;00000000000000000000000000000000000000000000000000000000000000000000
1.10.2023;7:6:0;6;5;13;0;19;16;0;18;3;14;23;13;11;6;13;14;00000000000000000000000000000000000000000000000000000000000000000000
1.10.2023;7:7:0;9;15;9;0;16;12;0;17;0;18;22;12;9;11;9;8;0000000000000000000000000000000000000000000000000000000000000000000000
1.10.2023;7:8:0;15;18;12;0;10;7;0;18;0;13;21;9;7;19;5;16;000000000000000000000000000000000000000000000000000000000000000000000
1.10.2023;7:9:0;15;16;7;6;12;13;1;7;0;18;6;14;10;20;8;4;0000000000000000000000000000000000000000000000000000000000000000000000
1.10.2023;7:10:0;14;9;11;3;0;15;0;8;0;18;11;10;9;19;5;4;0000000000000000000000000000000000000000000000000000000000000000000000
1.10.2023;7:11:0;17;14;16;9;0;16;0;15;2;14;22;8;13;18;9;2;00000000000000000000000000000000000000000000000000000000000000000000
1.10.2023;7:12:0;5;9;17;19;0;14;0;18;0;14;18;8;15;12;9;7;000000000000000000000000000000000000000000000000000000000000000000000
1.10.2023;7:13:0;2;12;17;14;0;4;0;17;0;16;18;6;16;15;7;15;00000000000000000000000000000000000000000000000000000000000000000000
1.10.2023;7:14:0;2;8;13;12;1;8;2;14;0;7;19;16;2;2;10;8;00000000000000000000000000000000000000000000000000000000000000000000000
1.10.2023;7:15:0;3;11;7;20;4;13;2;12;15;11;13;0;2;14;8;5;000000000000000000000000000000000000000000000000000000000000000000000
1.10.2023;7:16:0;9;11;15;20;6;6;0;15;3;14;17;0;7;20;15;12;00000000000000000000000000000000000000000000000000000000000000000000
1.10.2023;7:17:0;3;12;18;14;4;9;0;11;0;17;16;1;10;18;16;9;00000000000000000000000000000000000000000000000000000000000000000000
1.10.2023;7:18:0;11;12;21;11;6;14;0;5;3;15;20;0;8;16;13;6;00000000000000000000000000000000000000000000000000000000000000000000
1.10.2023;7:19:0;11;11;17;17;1;8;0;0;0;14;18;1;10;18;14;12;0000000000000000000000000000000000000000000000000000000000000000000
1.10.2023;7:20:0;8;8;18;15;0;10;0;16;1;9;16;0;8;15;7;7;00000000000000000000000000000000000000000000000000000000000000000000000
1.10.2023;7:21:0;4;4;5;12;0;2;0;4;1;5;4;1;4;3;5;1;0000000000000000000000000000000000000000000000000000000000000000000000000000
1.10.2023;7:22:0;0;2;0;8;0;2;0;0;0;0;1;0;1;0;0;0;00000000000000000000000000000000000000000000000000000000000000000000000000000
1.10.2023;7:23:0;0;0;0;6;1;5;0;0;0;0;7;0;0;1;0;0;00000000000000000000000000000000000000000000000000000000000000000000000000000
1.10.2023;7:24:0;2;7;0;5;0;13;0;2;1;0;12;0;0;1;1;0;000000000000000000000000000000000000000000000000000000000000000000000000000
1.10.2023;7:25:0;0;5;2;11;0;7;0;0;3;0;14;0;0;10;7;2;00000000000000000000000000000000000000000000000000000000000000000000000000
1.10.2023;7:26:0;0;6;0;3;2;0;0;0;2;0;3;0;0;3;9;0;00000000000000000000000000000000000000000000000000000000000000000000000000000
1.10.2023;7:27:0;0;5;17;6;4;4;0;0;0;0;2;0;0;11;3;0;000000000000000000000000000000000000000000000000000000000000000000000000000
1.10.2023;7:28:0;0;11;10;9;11;4;1;0;1;0;11;0;0;16;6;2;000000000000000000000000000000000000000000000000000000000000000000000000
1.10.2023;7:29:0;0;5;9;6;5;7;0;2;0;0;21;0;0;18;9;9;000000000000000000000000000000000000000000000000000000000000000000000000000
1.10.2023;7:30:0;0;5;4;4;1;5;0;4;0;0;15;0;0;12;0;0;000000000000000000000000000000000000000000000000000000000000000000000000000
1.10.2023;7:31:0;12;3;3;2;5;2;0;2;0;0;21;0;0;12;0;7;00000000000000000000000000000000000000000000000000000000000000000000000000
1.10.2023;7:32:0;3;2;0;6;16;8;0;1;0;0;19;0;0;15;0;6;00000000000000000000000000000000000000000000000000000000000000000000000000
1.10.2023;7:33:0;5;6;6;12;18;9;0;0;0;0;13;0;0;15;3;2;0000000000000000000000000000000000000000000000000000000000000000000000000
1.10.2023;7:34:0;6;6;2;14;20;14;0;17;3;8;19;0;6;19;9;4;00000000000000000000000000000000000000000000000000000000000000000000000
1.10.2023;7:35:0;5;10;5;17;12;3;1;3;1;15;2;0;9;5;14;14;00000000000000000000000000000000000000000000000000000000000000000000000
1.10.2023;7:36:0;7;6;6;14;7;9;0;10;4;11;22;0;5;14;14;7;00000000000000000000000000000000000000000000000000000000000000000000000
1.10.2023;7:37:0;8;3;3;12;5;8;0;6;1;11;18;1;2;18;8;19;000000000000000000000000000000000000000000000000000000000000000000000000
1.10.2023;7:38:0;4;16;3;12;2;4;0;8;0;16;20;0;5;19;15;12;0000000000000000000000000000000000000000000000000000000000000000000000
1.10.2023;7:39:0;0;9;6;18;11;1;0;11;0;11;20;0;8;19;15;6;0000000000000000000000000000000000000000000000000000000000000000000000
1.10.2023;7:40:0;1;14;5;10;15;9;0;16;0;13;21;1;10;17;13;11;0000000000000000000000000000000000000000000000000000000000000000000
1.10.2023;7:41:0;1;11;7;0;15;8;0;19;0;10;20;0;10;15;19;8;000000000000000000000000000000000000000000000000000000000000000000000
1.10.2023;7:42:0;2;7;13;20;5;6;0;15;0;8;18;0;10;0;11;6;00000000000000000000000000000000000000000000000000000000000000000000000
1.10.2023;7:43:0;2;11;11;20;7;7;0;15;0;12;19;0;14;7;9;0;0000000000000000000000000000000000000000000000000000000000000000000000
1.10.2023;7:44:0;3;9;10;14;15;10;1;10;2;9;21;0;14;12;15;3;00000000000000000000000000000000000000000000000000000000000000000000
1.10.2023;7:45:0;0;1;0;11;1;8;0;0;0;1;5;0;3;1;3;3;0000000000000000000000000000000000000000000000000000000000000000000000000000
1.10.2023;7:46:0;0;3;1;13;0;11;0;0;0;9;7;0;10;5;2;2;00000000000000000000000000000000000000000000000000000000000000000000000000
1.10.2023;7:47:0;2;2;4;18;0;13;0;3;7;7;9;0;5;2;3;3;000000000000000000000000000000000000000000000000000000000000000000000000000
1.10.2023;7:48:0;2;0;1;7;0;9;0;3;2;7;1;1;1;14;4;2;0000000000000000000000000000000000000000000000000000000000000000000000000000
1.10.2023;7:49:0;0;2;2;4;0;3;0;0;1;2;0;1;0;19;4;2;0000000000000000000000000000000000000000000000000000000000000000000000000000
1.10.2023;7:50:0;10;4;5;9;0;8;0;1;3;8;2;1;8;15;2;3;000000000000000000000000000000000000000000000000000000000000000000000000000
1.10.2023;7:51:0;0;6;4;3;0;7;0;0;0;17;7;0;10;11;2;0;00000000000000000000000000000000000000000000000000000000000000000000000000
1.10.2023;7:52:0;0;3;7;2;0;8;0;0;0;13;18;0;8;6;10;0;00000000000000000000000000000000000000000000000000000000000000000000000000
1.10.2023;7:53:0;0;3;4;12;0;16;0;0;0;15;20;0;7;7;4;4;0000000000000000000000000000000000000000000000000000000000000000000000000
1.10.2023;7:54:0;0;13;9;5;0;17;0;0;0;13;16;0;14;9;7;6;000000000000000000000000000000000000000000000000000000000000000000000000
1.10.2023;7:55:0;0;10;3;16;0;11;2;0;0;15;8;0;16;10;13;1;0000000000000000000000000000000000000000000000000000000000000000000000
1.10.2023;7:56:0;1;8;2;17;0;4;0;0;0;13;15;0;4;2;0;1;00000000000000000000000000000000000000000000000000000000000000000000000000
1.10.2023;7:57:0;6;13;2;14;0;9;0;0;0;11;9;0;3;12;3;5;0000000000000000000000000000000000000000000000000000000000000000000000000
1.10.2023;7:58:0;0;6;0;19;0;3;0;0;0;13;2;0;4;6;0;2;000000000000000000000000000000000000000000000000000000000000000000000000000
1.10.2023;7:59:0;0;11;2;19;2;8;0;4;0;3;2;0;6;3;0;1;000000000000000000000000000000000000000000000000000000000000000000000000000
1.10.2023;8:0:0;1;13;1;17;7;5;0;0;6;7;19;1;2;9;6;3;000000000000000000000000000000000000000000000000000000000000000000000000000
1.10.2023;8:1:0;1;13;5;12;11;3;0;0;3;0;12;2;14;15;12;2;00000000000000000000000000000000000000000000000000000000000000000000000
1.10.2023;8:2:0;4;11;1;3;0;7;0;0;6;0;16;0;12;20;9;8;00000000000000000000000000000000000000000000000000000000000000000000000000
1.10.2023;8:3:0;5;12;4;1;4;5;4;1;9;0;19;1;16;10;11;8;0000000000000000000000000000000000000000000000000000000000000000000000000
1.10.2023;8:4:0;2;13;5;8;3;14;5;2;8;2;18;7;15;8;13;11;000000000000000000000000000000000000000000000000000000000000000000000000
1.10.2023;8:5:0;8;13;7;15;0;13;0;1;0;10;15;15;12;14;11;15;00000000000000000000000000000000000000000000000000000000000000000000
1.10.2023;8:6:0;4;8;6;13;0;9;0;11;2;19;20;13;5;15;11;12;0000000000000000000000000000000000000000000000000000000000000000000000
1.10.2023;8:7:0;0;13;4;3;0;16;0;16;0;8;19;16;8;17;16;4;00000000000000000000000000000000000000000000000000000000000000000000000
1.10.2023;8:8:0;0;14;6;10;8;17;0;8;0;4;20;9;11;23;14;3;00000000000000000000000000000000000000000000000000000000000000000000000
1.10.2023;8:9:0;2;8;9;17;9;15;0;0;1;2;21;2;4;17;16;11;000000000000000000000000000000000000000000000000000000000000000000000000
1.10.2023;8:10:0;12;9;5;13;4;11;0;7;9;6;20;3;1;18;11;12;0000000000000000000000000000000000000000000000000000000000000000000000
1.10.2023;8:11:0;8;6;3;6;1;7;0;2;0;5;20;5;0;16;16;14;0000000000000000000000000000000000000000000000000000000000000000000000000
1.10.2023;8:12:0;11;3;3;12;4;23;1;0;0;6;22;13;3;17;14;14;000000000000000000000000000000000000000000000000000000000000000000000
1.10.2023;8:13:0;13;4;5;8;8;15;7;4;0;13;19;14;5;21;15;12;000000000000000000000000000000000000000000000000000000000000000000000
1.10.2023;8:14:0;11;1;1;11;11;9;8;13;1;13;21;14;0;23;19;12;0000000000000000000000000000000000000000000000000000000000000000000
1.10.2023;8:15:0;14;2;0;16;11;6;14;5;1;9;22;9;0;19;15;10;000000000000000000000000000000000000000000000000000000000000000000000
1.10.2023;8:16:0;17;8;3;16;8;0;16;3;0;18;21;10;0;21;19;16;00000000000000000000000000000000000000000000000000000000000000000000
1.10.2023;8:17:0;20;13;10;18;15;0;18;0;0;20;16;18;15;14;19;20;0000000000000000000000000000000000000000000000000000000000000000
1.10.2023;8:18:0;14;15;18;20;17;14;16;1;0;20;25;2;17;8;13;8;000000000000000000000000000000000000000000000000000000000000000000
1.10.2023;8:19:0;23;16;22;18;15;16;12;13;0;20;18;0;8;2;13;5;000000000000000000000000000000000000000000000000000000000000000000
1.10.2023;8:20:0;18;11;20;22;17;17;8;16;0;19;22;0;11;2;11;4;000000000000000000000000000000000000000000000000000000000000000000
1.10.2023;8:21:0;21;17;21;24;18;19;16;21;0;19;21;0;19;3;19;5;00000000000000000000000000000000000000000000000000000000000000000
1.10.2023;8:22:0;19;16;16;19;20;16;22;20;0;20;16;0;15;1;20;20;0000000000000000000000000000000000000000000000000000000000000000
1.10.2023;8:23:0;20;13;20;26;17;18;18;20;0;16;17;0;16;2;16;14;0000000000000000000000000000000000000000000000000000000000000000
1.10.2023;8:24:0;14;8;4;15;11;19;6;7;20;18;23;0;9;10;1;10;00000000000000000000000000000000000000000000000000000000000000000000
1.10.2023;8:25:0;15;7;0;19;3;17;0;0;2;21;24;0;0;1;0;0;000000000000000000000000000000000000000000000000000000000000000000000000
1.10.2023;8:26:0;15;7;4;17;11;20;3;3;0;10;23;6;4;15;4;7;0000000000000000000000000000000000000000000000000000000000000000000000
1.10.2023;8:27:0;13;3;5;13;2;3;12;2;1;9;20;13;2;19;12;11;000000000000000000000000000000000000000000000000000000000000000000000
1.10.2023;8:28:0;13;3;1;21;7;1;17;0;0;14;23;6;1;19;16;12;000000000000000000000000000000000000000000000000000000000000000000000
1.10.2023;8:29:0;19;6;0;20;18;0;20;1;0;20;20;16;4;21;18;17;0000000000000000000000000000000000000000000000000000000000000000000
1.10.2023;8:30:0;19;10;0;22;20;9;19;0;0;18;22;3;16;19;16;17;000000000000000000000000000000000000000000000000000000000000000000
1.10.2023;8:31:0;17;12;0;19;18;12;21;0;0;16;17;0;18;19;17;12;00000000000000000000000000000000000000000000000000000000000000000
1.10.2023;8:32:0;14;12;0;23;19;18;16;14;0;18;3;0;19;2;19;2;0000000000000000000000000000000000000000000000000000000000000000000
1.10.2023;8:33:0;21;12;0;17;21;22;20;20;0;16;1;0;19;2;19;0;0000000000000000000000000000000000000000000000000000000000000000000
1.10.2023;8:34:0;13;11;0;21;18;19;19;15;0;17;7;0;17;3;18;0;0000000000000000000000000000000000000000000000000000000000000000000
1.10.2023;8:35:0;17;12;0;18;20;19;8;17;8;17;4;0;18;2;14;1;00000000000000000000000000000000000000000000000000000000000000000000
1.10.2023;8:36:0;16;8;0;16;22;18;6;19;23;17;0;0;20;4;17;5;00000000000000000000000000000000000000000000000000000000000000000000
1.10.2023;8:37:0;15;13;0;19;19;23;6;18;20;18;0;0;19;9;5;17;0000000000000000000000000000000000000000000000000000000000000000000
1.10.2023;8:38:0;20;14;0;20;18;23;4;15;23;15;0;0;16;12;4;17;000000000000000000000000000000000000000000000000000000000000000000
1.10.2023;8:39:0;15;9;11;19;20;23;1;9;19;17;0;0;16;0;2;14;00000000000000000000000000000000000000000000000000000000000000000000
1.10.2023;8:40:0;19;14;7;21;3;25;0;17;14;17;0;0;16;0;3;15;00000000000000000000000000000000000000000000000000000000000000000000
1.10.2023;8:41:0;17;13;20;22;20;19;0;17;22;15;0;0;18;0;2;15;000000000000000000000000000000000000000000000000000000000000000000
1.10.2023;8:42:0;20;5;20;15;19;21;0;21;15;15;0;1;20;5;3;16;0000000000000000000000000000000000000000000000000000000000000000000
1.10.2023;8:43:0;15;10;5;17;18;19;1;19;5;18;17;0;12;2;2;7;00000000000000000000000000000000000000000000000000000000000000000000
1.10.2023;8:44:0;15;3;0;21;20;25;0;19;0;18;15;0;15;5;5;14;00000000000000000000000000000000000000000000000000000000000000000000
1.10.2023;8:45:0;18;6;0;20;16;22;0;17;0;22;17;0;19;5;0;11;00000000000000000000000000000000000000000000000000000000000000000000
1.10.2023;8:46:0;18;11;1;17;5;20;0;19;0;18;22;0;22;1;2;18;00000000000000000000000000000000000000000000000000000000000000000000
1.10.2023;8:47:0;6;6;5;16;11;8;15;9;5;12;22;7;3;16;14;20;000000000000000000000000000000000000000000000000000000000000000000000
1.10.2023;8:48:0;9;9;2;18;0;2;18;0;0;18;22;9;1;20;8;16;00000000000000000000000000000000000000000000000000000000000000000000000
1.10.2023;8:49:0;10;14;0;20;18;3;18;3;0;17;15;13;0;14;19;17;000000000000000000000000000000000000000000000000000000000000000000
1.10.2023;8:50:0;13;9;0;20;21;2;21;0;0;19;9;8;14;15;14;13;00000000000000000000000000000000000000000000000000000000000000000000
1.10.2023;8:51:0;12;12;1;15;23;1;20;0;19;17;2;0;21;0;17;20;0000000000000000000000000000000000000000000000000000000000000000000
1.10.2023;8:52:0;14;11;18;18;16;5;19;1;20;15;0;0;20;0;12;17;000000000000000000000000000000000000000000000000000000000000000000
1.10.2023;8:53:0;14;8;22;18;17;5;19;0;16;20;0;0;16;0;16;16;0000000000000000000000000000000000000000000000000000000000000000000
1.10.2023;8:54:0;16;2;20;18;19;3;13;0;16;16;0;0;14;0;21;20;0000000000000000000000000000000000000000000000000000000000000000000
1.10.2023;8:55:0;15;1;14;13;16;0;2;0;22;15;0;0;16;0;19;19;00000000000000000000000000000000000000000000000000000000000000000000
1.10.2023;8:56:0;12;3;22;16;16;11;0;0;19;19;0;4;16;2;21;19;0000000000000000000000000000000000000000000000000000000000000000000
1.10.2023;8:57:0;10;19;22;10;15;2;0;0;25;17;0;0;22;5;15;20;0000000000000000000000000000000000000000000000000000000000000000000
1.10.2023;8:58:0;0;8;15;16;6;10;2;0;18;17;0;0;6;0;12;10;0000000000000000000000000000000000000000000000000000000000000000000000
1.10.2023;8:59:0;0;3;8;15;0;20;1;0;20;20;1;0;1;1;6;3;0000000000000000000000000000000000000000000000000000000000000000000000000
1.10.2023;9:0:0;5;3;10;11;1;12;0;0;17;17;0;0;0;0;0;1;0000000000000000000000000000000000000000000000000000000000000000000000000
1.10.2023;9:1:0;2;3;2;18;0;1;0;0;18;17;0;0;0;0;1;0;000000000000000000000000000000000000000000000000000000000000000000000000000
1.10.2023;9:2:0;0;11;1;15;0;1;0;0;15;18;0;0;9;0;1;1;00000000000000000000000000000000000000000000000000000000000000000000000000
1.10.2023;9:3:0;0;14;0;14;0;0;0;0;7;18;0;0;14;0;1;2;00000000000000000000000000000000000000000000000000000000000000000000000000
1.10.2023;9:4:0;4;11;6;15;0;0;0;0;5;17;0;0;19;1;1;3;00000000000000000000000000000000000000000000000000000000000000000000000000
1.10.2023;9:5:0;3;18;1;16;1;0;0;0;1;16;0;0;8;0;0;3;000000000000000000000000000000000000000000000000000000000000000000000000000
1.10.2023;9:6:0;0;17;5;15;5;1;0;0;0;13;0;0;11;0;0;1;00000000000000000000000000000000000000000000000000000000000000000000000000
1.10.2023;9:7:0;0;12;2;19;0;0;0;0;0;11;0;0;15;0;2;4;00000000000000000000000000000000000000000000000000000000000000000000000000
1.10.2023;9:8:0;0;15;9;15;7;0;0;0;4;16;0;0;14;0;0;9;00000000000000000000000000000000000000000000000000000000000000000000000000
1.10.2023;9:9:0;0;19;3;12;10;0;0;0;5;11;0;2;13;3;1;8;0000000000000000000000000000000000000000000000000000000000000000000000000
1.10.2023;9:10:0;2;12;5;18;13;0;0;1;3;6;0;0;13;1;2;6;0000000000000000000000000000000000000000000000000000000000000000000000000
1.10.2023;9:11:0;1;1;3;19;16;0;0;3;7;6;0;0;16;4;1;1;00000000000000000000000000000000000000000000000000000000000000000000000000
1.10.2023;9:12:0;0;1;10;15;7;0;0;1;0;4;0;0;16;0;0;0;00000000000000000000000000000000000000000000000000000000000000000000000000
1.10.2023;9:13:0;0;0;9;14;9;0;0;0;0;15;0;0;19;1;5;0;00000000000000000000000000000000000000000000000000000000000000000000000000
1.10.2023;9:14:0;0;0;2;15;7;0;0;0;0;15;0;0;17;0;4;1;00000000000000000000000000000000000000000000000000000000000000000000000000
1.10.2023;9:15:0;5;0;0;11;9;0;1;0;0;16;0;0;20;4;7;2;00000000000000000000000000000000000000000000000000000000000000000000000000
1.10.2023;9:16:0;14;0;0;16;17;0;0;0;0;16;0;0;18;1;12;8;00000000000000000000000000000000000000000000000000000000000000000000000
1.10.2023;9:17:0;2;1;0;18;17;0;0;0;0;14;0;0;15;0;6;11;000000000000000000000000000000000000000000000000000000000000000000000000
1.10.2023;9:18:0;1;1;0;14;20;5;0;0;0;17;0;0;15;0;2;8;0000000000000000000000000000000000000000000000000000000000000000000000000
1.10.2023;9:19:0;0;14;2;13;14;11;0;0;0;13;0;0;16;0;0;8;00000000000000000000000000000000000000000000000000000000000000000000000
1.10.2023;9:20:0;0;8;0;4;18;2;0;0;0;15;0;0;17;0;0;5;00000000000000000000000000000000000000000000000000000000000000000000000000
1.10.2023;9:21:0;0;0;0;0;19;8;0;0;0;16;0;0;15;0;0;9;00000000000000000000000000000000000000000000000000000000000000000000000000
1.10.2023;9:22:0;0;0;0;5;20;0;0;0;0;15;0;0;10;0;0;22;0000000000000000000000000000000000000000000000000000000000000000000000000
1.10.2023;9:23:0;0;0;0;3;20;4;0;0;1;17;0;3;9;0;0;20;00000000000000000000000000000000000000000000000000000000000000000000000000
1.10.2023;9:24:0;0;2;0;7;19;6;0;0;0;14;0;0;9;0;0;13;00000000000000000000000000000000000000000000000000000000000000000000000000
1.10.2023;9:25:0;1;10;5;13;17;0;0;0;0;19;0;0;8;0;0;1;0000000000000000000000000000000000000000000000000000000000000000000000000
1.10.2023;9:26:0;2;11;1;12;17;0;0;0;0;15;0;0;0;0;0;2;0000000000000000000000000000000000000000000000000000000000000000000000000
1.10.2023;9:27:0;0;21;0;14;9;6;0;0;0;4;0;0;0;1;1;1;000000000000000000000000000000000000000000000000000000000000000000000000000
1.10.2023;9:28:0;0;6;1;20;11;14;0;0;0;3;0;0;0;0;1;1;00000000000000000000000000000000000000000000000000000000000000000000000000
1.10.2023;9:29:0;0;0;0;13;16;0;0;0;0;5;0;0;0;1;0;0;000000000000000000000000000000000000000000000000000000000000000000000000000
1.10.2023;9:30:0;0;0;0;13;17;1;0;0;0;17;0;0;0;2;0;4;00000000000000000000000000000000000000000000000000000000000000000000000000
1.10.2023;9:31:0;2;0;1;17;12;0;0;2;0;7;0;0;0;0;0;5;000000000000000000000000000000000000000000000000000000000000000000000000000
1.10.2023;9:32:0;0;0;2;8;3;0;0;0;0;0;0;0;0;1;0;8;00000000000000000000000000000000000000000000000000000000000000000000000000000
1.10.2023;9:33:0;0;3;2;6;0;10;0;7;2;1;0;1;0;0;0;10;000000000000000000000000000000000000000000000000000000000000000000000000000
1.10.2023;9:34:0;0;5;9;12;0;9;0;0;0;0;0;1;0;0;6;16;000000000000000000000000000000000000000000000000000000000000000000000000000
1.10.2023;9:35:0;4;8;5;10;0;14;0;0;3;4;0;2;0;0;2;13;00000000000000000000000000000000000000000000000000000000000000000000000000
1.10.2023;9:36:0;7;2;0;12;1;3;0;0;0;4;0;0;0;3;0;3;0000000000000000000000000000000000000000000000000000000000000000000000000000
1.10.2023;9:37:0;7;6;0;14;1;3;0;0;11;2;0;0;7;2;0;2;000000000000000000000000000000000000000000000000000000000000000000000000000
1.10.2023;9:38:0;3;2;0;8;4;4;1;0;2;9;0;0;1;2;0;5;00000000000000000000000000000000000000000000000000000000000000000000000000000
1.10.2023;9:39:0;2;3;10;11;16;12;0;0;0;18;0;0;0;2;0;6;000000000000000000000000000000000000000000000000000000000000000000000000
1.10.2023;9:40:0;8;1;14;11;19;8;0;0;0;3;0;0;0;1;0;7;00000000000000000000000000000000000000000000000000000000000000000000000000
1.10.2023;9:41:0;0;0;6;16;4;6;0;0;0;0;0;0;0;0;0;10;000000000000000000000000000000000000000000000000000000000000000000000000000
1.10.2023;9:42:0;0;0;7;14;0;11;0;0;1;0;0;2;0;0;0;16;00000000000000000000000000000000000000000000000000000000000000000000000000
1.10.2023;9:43:0;0;0;9;15;0;0;0;0;0;0;0;0;0;0;0;8;0000000000000000000000000000000000000000000000000000000000000000000000000000
1.10.2023;9:44:0;0;1;8;8;0;2;0;0;0;1;0;0;0;0;0;3;00000000000000000000000000000000000000000000000000000000000000000000000000000
1.10.2023;9:45:0;0;1;11;6;0;3;0;0;0;0;0;0;0;0;0;3;0000000000000000000000000000000000000000000000000000000000000000000000000000
1.10.2023;9:46:0;1;0;4;7;1;3;0;0;0;1;0;0;0;0;0;1;00000000000000000000000000000000000000000000000000000000000000000000000000000
1.10.2023;9:47:0;0;2;7;2;0;2;0;0;0;0;1;0;0;0;0;4;00000000000000000000000000000000000000000000000000000000000000000000000000000
1.10.2023;9:48:0;0;2;13;2;0;9;0;0;0;0;1;0;0;0;0;3;0000000000000000000000000000000000000000000000000000000000000000000000000000
1.10.2023;9:49:0;4;2;6;0;0;5;0;0;0;2;0;0;0;0;0;5;00000000000000000000000000000000000000000000000000000000000000000000000000000
1.10.2023;9:50:0;6;4;10;2;0;8;0;0;0;0;0;1;0;0;13;5;000000000000000000000000000000000000000000000000000000000000000000000000000
1.10.2023;9:51:0;0;3;12;1;13;8;0;0;0;0;0;0;0;0;10;10;0000000000000000000000000000000000000000000000000000000000000000000000000
1.10.2023;9:52:0;2;10;8;1;19;16;0;0;0;0;0;0;0;0;5;2;00000000000000000000000000000000000000000000000000000000000000000000000000
1.10.2023;9:53:0;2;17;12;6;14;17;0;3;0;0;0;0;0;0;0;2;0000000000000000000000000000000000000000000000000000000000000000000000000
1.10.2023;9:54:0;12;5;19;10;15;14;0;0;0;0;0;0;0;0;0;1;000000000000000000000000000000000000000000000000000000000000000000000000
1.10.2023;9:55:0;0;2;13;6;6;13;0;0;0;0;0;0;0;0;14;2;00000000000000000000000000000000000000000000000000000000000000000000000000
1.10.2023;9:56:0;2;0;5;5;7;10;0;0;0;9;0;0;2;0;2;9;0000000000000000000000000000000000000000000000000000000000000000000000000000
1.10.2023;9:57:0;0;2;1;1;6;4;0;0;0;9;2;0;4;0;0;8;00000000000000000000000000000000000000000000000000000000000000000000000000000
1.10.2023;9:58:0;0;2;2;0;6;6;0;0;1;9;0;0;11;0;1;13;000000000000000000000000000000000000000000000000000000000000000000000000000
1.10.2023;9:59:0;1;1;1;1;1;2;0;0;2;2;0;0;3;0;1;11;0000000000000000000000000000000000000000000000000000000000000000000000000000
1.10.2023;10:0:0;1;1;6;4;0;8;0;0;0;0;0;0;2;4;5;12;0000000000000000000000000000000000000000000000000000000000000000000000000000
1.10.2023;10:1:0;0;1;3;3;4;9;0;0;0;13;0;1;4;8;6;13;000000000000000000000000000000000000000000000000000000000000000000000000000
1.10.2023;10:2:0;0;4;9;0;6;1;0;0;0;8;0;0;3;2;5;10;0000000000000000000000000000000000000000000000000000000000000000000000000000
1.10.2023;10:3:0;2;1;5;2;4;1;0;5;0;14;0;0;0;0;3;14;000000000000000000000000000000000000000000000000000000000000000000000000000
1.10.2023;10:4:0;5;4;5;1;0;1;0;0;0;16;0;0;0;0;1;17;000000000000000000000000000000000000000000000000000000000000000000000000000
1.10.2023;10:5:0;0;1;13;0;0;2;0;1;0;12;0;1;0;0;3;16;00000000000000000000000000000000000000000000000000000000000000000000000000
1.10.2023;10:6:0;0;5;8;1;0;3;0;0;0;2;0;1;0;0;2;3;00000000000000000000000000000000000000000000000000000000000000000000000000000
1.10.2023;10:7:0;1;9;10;1;0;3;0;0;0;0;0;3;0;0;0;8;0000000000000000000000000000000000000000000000000000000000000000000000000000
1.10.2023;10:8:0;0;6;10;0;0;11;0;0;0;0;0;2;0;0;0;3;000000000000000000000000000000000000000000000000000000000000000000000000000
1.10.2023;10:9:0;0;16;7;3;0;7;0;0;0;16;0;0;0;0;0;1;000000000000000000000000000000000000000000000000000000000000000000000000000
1.10.2023;10:10:0;0;5;17;1;2;8;0;0;0;8;0;2;0;0;0;2;000000000000000000000000000000000000000000000000000000000000000000000000000
1.10.2023;10:11:0;0;3;17;18;4;13;0;0;0;0;0;4;0;0;1;4;0000000000000000000000000000000000000000000000000000000000000000000000000
1.10.2023;10:12:0;0;9;17;12;0;11;0;0;0;0;2;7;0;9;0;9;0000000000000000000000000000000000000000000000000000000000000000000000000
1.10.2023;10:13:0;0;15;21;10;5;18;0;0;0;1;0;11;0;9;3;11;0000000000000000000000000000000000000000000000000000000000000000000000
1.10.2023;10:14:0;0;10;14;6;6;9;0;0;0;0;0;7;1;1;2;5;00000000000000000000000000000000000000000000000000000000000000000000000000
1.10.2023;10:15:0;0;12;12;8;3;0;0;0;0;0;0;0;4;7;6;8;00000000000000000000000000000000000000000000000000000000000000000000000000
1.10.2023;10:16:0;0;11;17;13;14;9;0;0;13;0;0;0;13;11;5;6;000000000000000000000000000000000000000000000000000000000000000000000
1.10.2023;10:17:0;0;4;16;11;5;3;0;2;1;0;0;0;14;2;3;4;0000000000000000000000000000000000000000000000000000000000000000000000000
1.10.2023;10:18:0;0;0;15;10;1;11;0;1;3;0;0;0;15;1;11;12;0000000000000000000000000000000000000000000000000000000000000000000000
1.10.2023;10:19:0;0;1;17;6;2;4;0;0;0;0;0;0;12;0;10;14;000000000000000000000000000000000000000000000000000000000000000000000000
1.10.2023;10:20:0;0;0;10;2;0;4;0;0;1;0;0;0;7;0;4;12;00000000000000000000000000000000000000000000000000000000000000000000000000
1.10.2023;10:21:0;0;1;10;5;0;1;0;0;0;0;1;0;11;1;2;12;0000000000000000000000000000000000000000000000000000000000000000000000000
1.10.2023;10:22:0;0;0;0;3;0;1;0;0;0;2;0;0;16;0;12;3;00000000000000000000000000000000000000000000000000000000000000000000000000
1.10.2023;10:23:0;2;2;0;3;7;3;0;0;0;12;0;0;9;8;9;5;000000000000000000000000000000000000000000000000000000000000000000000000000
1.10.2023;10:24:0;3;0;6;4;3;1;0;0;0;4;0;0;8;5;11;10;00000000000000000000000000000000000000000000000000000000000000000000000000
1.10.2023;10:25:0;6;0;7;7;6;1;1;0;1;6;0;0;3;9;13;11;00000000000000000000000000000000000000000000000000000000000000000000000000
1.10.2023;10:26:0;3;1;6;6;5;2;2;0;0;2;0;0;0;7;4;16;000000000000000000000000000000000000000000000000000000000000000000000000000
1.10.2023;10:27:0;0;2;9;13;3;1;1;0;0;1;0;0;0;3;3;18;00000000000000000000000000000000000000000000000000000000000000000000000000
1.10.2023;10:28:0;1;3;3;9;11;3;0;0;0;0;0;2;0;4;0;22;00000000000000000000000000000000000000000000000000000000000000000000000000
1.10.2023;10:29:0;0;2;6;4;12;5;0;0;0;0;0;0;0;10;0;14;0000000000000000000000000000000000000000000000000000000000000000000000000
1.10.2023;10:30:0;1;12;5;8;2;6;0;0;0;0;2;0;0;8;0;6;000000000000000000000000000000000000000000000000000000000000000000000000000
1.10.2023;10:31:0;3;15;3;7;0;6;0;0;0;0;0;0;0;11;0;5;00000000000000000000000000000000000000000000000000000000000000000000000000
1.10.2023;10:32:0;9;8;7;6;6;3;0;0;0;1;0;1;0;7;1;4;0000000000000000000000000000000000000000000000000000000000000000000000000000
1.10.2023;10:33:0;1;3;13;5;17;9;0;0;8;5;0;0;0;1;2;12;0000000000000000000000000000000000000000000000000000000000000000000000000
1.10.2023;10:34:0;0;11;14;9;11;17;0;3;13;17;0;1;0;1;0;5;0000000000000000000000000000000000000000000000000000000000000000000000
1.10.2023;10:35:0;0;9;17;15;4;7;0;5;18;13;0;0;0;1;0;1;000000000000000000000000000000000000000000000000000000000000000000000000
1.10.2023;10:36:0;0;18;15;12;0;0;1;1;19;15;2;0;0;0;6;0;00000000000000000000000000000000000000000000000000000000000000000000000
1.10.2023;10:37:0;0;8;15;13;6;2;0;10;10;11;4;0;0;0;6;1;00000000000000000000000000000000000000000000000000000000000000000000000
1.10.2023;10:38:0;0;12;14;10;9;3;0;3;0;7;0;0;0;2;4;1;0000000000000000000000000000000000000000000000000000000000000000000000000
1.10.2023;10:39:0;0;8;16;14;10;12;0;0;0;1;0;0;4;5;3;4;000000000000000000000000000000000000000000000000000000000000000000000000
1.10.2023;10:40:0;1;6;16;6;12;4;0;1;0;0;0;0;12;8;0;10;000000000000000000000000000000000000000000000000000000000000000000000000
1.10.2023;10:41:0;2;12;17;10;16;1;0;1;0;1;0;0;4;7;1;16;00000000000000000000000000000000000000000000000000000000000000000000000
1.10.2023;10:42:0;1;13;15;18;10;10;0;0;3;5;0;0;0;3;2;12;0000000000000000000000000000000000000000000000000000000000000000000000
1.10.2023;10:43:0;3;15;2;19;0;8;0;0;4;0;0;0;0;2;0;17;0000000000000000000000000000000000000000000000000000000000000000000000000
1.10.2023;10:44:0;5;15;2;10;0;5;0;0;2;3;0;0;0;5;0;19;0000000000000000000000000000000000000000000000000000000000000000000000000
1.10.2023;10:45:0;0;11;1;6;0;3;0;0;3;1;0;0;0;5;0;7;000000000000000000000000000000000000000000000000000000000000000000000000000
1.10.2023;10:46:0;0;10;0;1;0;0;0;0;0;0;0;0;0;4;0;0;000000000000000000000000000000000000000000000000000000000000000000000000000
1.10.2023;10:47:0;0;1;0;0;0;5;2;0;0;0;0;0;5;9;0;2;0000000000000000000000000000000000000000000000000000000000000000000000000000
1.10.2023;10:48:0;8;0;1;1;1;5;0;0;0;0;0;0;2;4;3;18;000000000000000000000000000000000000000000000000000000000000000000000000000
1.10.2023;10:49:0;13;1;0;0;0;2;0;0;0;0;0;0;0;6;0;14;00000000000000000000000000000000000000000000000000000000000000000000000000
1.10.2023;10:50:0;11;2;0;1;0;2;0;0;0;0;0;0;0;2;1;10;00000000000000000000000000000000000000000000000000000000000000000000000000
1.10.2023;10:51:0;2;0;0;1;0;2;0;2;0;0;0;0;0;0;0;7;0000000000000000000000000000000000000000000000000000000000000000000000000000
1.10.2023;10:52:0;2;1;0;1;0;1;0;1;0;0;0;0;0;0;0;4;0000000000000000000000000000000000000000000000000000000000000000000000000000
1.10.2023;10:53:0;0;0;0;5;0;5;0;4;0;0;0;0;0;1;1;5;0000000000000000000000000000000000000000000000000000000000000000000000000000
1.10.2023;10:54:0;6;0;1;2;0;3;0;7;3;0;2;0;0;7;5;11;000000000000000000000000000000000000000000000000000000000000000000000000000
1.10.2023;10:55:0;0;0;3;0;0;8;0;4;3;0;0;0;0;12;4;14;00000000000000000000000000000000000000000000000000000000000000000000000000
1.10.2023;10:56:0;1;0;5;1;0;7;0;0;8;0;0;0;0;12;5;15;00000000000000000000000000000000000000000000000000000000000000000000000000
1.10.2023;10:57:0;0;0;5;1;0;4;0;0;0;0;0;0;0;9;13;18;00000000000000000000000000000000000000000000000000000000000000000000000000
1.10.2023;10:58:0;0;1;6;4;0;8;0;0;0;7;0;0;0;5;8;14;000000000000000000000000000000000000000000000000000000000000000000000000000
1.10.2023;10:59:0;3;0;4;5;7;0;0;1;1;7;0;0;3;3;0;18;000000000000000000000000000000000000000000000000000000000000000000000000000
1.10.2023;11:0:0;0;2;5;7;6;2;0;0;4;16;1;3;6;9;1;14;000000000000000000000000000000000000000000000000000000000000000000000000000
1.10.2023;11:1:0;1;3;11;2;8;6;2;0;2;16;1;1;0;8;0;16;00000000000000000000000000000000000000000000000000000000000000000000000000
1.10.2023;11:2:0;7;4;17;0;15;5;1;0;0;12;0;13;0;7;6;12;000000000000000000000000000000000000000000000000000000000000000000000000
1.10.2023;11:3:0;2;1;9;0;8;1;0;0;1;10;0;7;0;0;1;3;0000000000000000000000000000000000000000000000000000000000000000000000000000
1.10.2023;11:4:0;0;1;0;1;0;4;0;0;0;0;0;0;0;2;2;1;00000000000000000000000000000000000000000000000000000000000000000000000000000
1.10.2023;11:5:0;1;1;0;3;0;2;0;0;1;0;0;0;0;4;6;1;00000000000000000000000000000000000000000000000000000000000000000000000000000
1.10.2023;11:6:0;0;0;0;0;0;3;0;0;1;0;0;0;0;6;0;3;00000000000000000000000000000000000000000000000000000000000000000000000000000
1.10.2023;11:7:0;0;1;0;0;0;9;0;0;1;0;0;0;0;6;0;9;00000000000000000000000000000000000000000000000000000000000000000000000000000
1.10.2023;11:8:0;0;0;0;2;0;17;0;0;0;0;0;0;0;3;0;3;0000000000000000000000000000000000000000000000000000000000000000000000000000
1.10.2023;11:9:0;0;1;0;3;0;12;0;0;0;0;0;0;0;2;0;8;0000000000000000000000000000000000000000000000000000000000000000000000000000
1.10.2023;11:10:0;0;5;0;1;0;2;0;0;2;0;0;0;0;0;0;6;0000000000000000000000000000000000000000000000000000000000000000000000000000
1.10.2023;11:11:0;0;6;0;5;0;4;0;2;0;0;1;0;0;0;0;9;0000000000000000000000000000000000000000000000000000000000000000000000000000
1.10.2023;11:12:0;0;7;0;8;0;0;0;1;0;0;3;0;0;1;8;15;000000000000000000000000000000000000000000000000000000000000000000000000000
1.10.2023;11:13:0;0;9;0;20;0;0;0;0;0;0;0;2;0;1;13;4;00000000000000000000000000000000000000000000000000000000000000000000000000
1.10.2023;11:14:0;2;4;1;17;0;5;0;0;0;7;0;11;2;0;7;6;00000000000000000000000000000000000000000000000000000000000000000000000000
1.10.2023;11:15:0;2;6;9;14;0;6;1;0;0;12;0;5;0;0;7;13;0000000000000000000000000000000000000000000000000000000000000000000000000
1.10.2023;11:16:0;0;5;6;19;0;10;0;0;0;14;0;0;0;2;9;7;0000000000000000000000000000000000000000000000000000000000000000000000000
1.10.2023;11:17:0;0;13;10;9;2;9;0;0;11;15;0;8;0;7;6;11;00000000000000000000000000000000000000000000000000000000000000000000000
1.10.2023;11:18:0;0;10;3;10;0;3;0;0;4;11;0;7;0;8;11;10;00000000000000000000000000000000000000000000000000000000000000000000000
1.10.2023;11:19:0;1;13;6;5;0;4;0;0;9;2;1;4;0;8;13;0;00000000000000000000000000000000000000000000000000000000000000000000000000
1.10.2023;11:20:0;0;0;2;4;0;4;0;0;2;10;4;2;8;18;12;4;0000000000000000000000000000000000000000000000000000000000000000000000000
1.10.2023;11:21:0;0;12;0;0;0;14;0;0;8;11;7;16;0;11;9;0;00000000000000000000000000000000000000000000000000000000000000000000000
1.10.2023;11:22:0;0;13;0;0;0;8;0;2;2;15;0;13;0;13;10;0;00000000000000000000000000000000000000000000000000000000000000000000000
1.10.2023;11:23:0;0;14;0;1;0;7;0;3;2;16;0;15;0;10;14;3;00000000000000000000000000000000000000000000000000000000000000000000000
1.10.2023;11:24:0;0;18;0;1;0;11;0;3;1;11;0;15;0;13;6;0;00000000000000000000000000000000000000000000000000000000000000000000000
1.10.2023;11:25:0;0;14;3;0;0;0;0;0;2;17;0;0;6;14;1;0;0000000000000000000000000000000000000000000000000000000000000000000000000
1.10.2023;11:26:0;0;15;8;0;0;5;4;0;0;16;4;0;4;8;0;1;00000000000000000000000000000000000000000000000000000000000000000000000000
1.10.2023;11:27:0;0;17;8;1;4;8;1;0;0;16;1;0;3;0;0;8;00000000000000000000000000000000000000000000000000000000000000000000000000
1.10.2023;11:28:0;0;12;8;0;8;6;0;0;0;16;0;0;4;0;0;11;0000000000000000000000000000000000000000000000000000000000000000000000000
1.10.2023;11:29:0;2;13;13;1;12;8;0;0;2;13;5;0;2;3;11;14;0000000000000000000000000000000000000000000000000000000000000000000000
1.10.2023;11:30:0;3;15;4;11;15;2;0;0;4;15;20;0;3;0;2;3;00000000000000000000000000000000000000000000000000000000000000000000000
1.10.2023;11:31:0;4;11;9;15;20;5;0;0;4;16;16;0;15;6;4;8;0000000000000000000000000000000000000000000000000000000000000000000000
1.10.2023;11:32:0;1;15;17;12;15;1;0;0;4;16;18;0;15;10;2;13;0000000000000000000000000000000000000000000000000000000000000000000
1.10.2023;11:33:0;3;17;16;15;19;3;0;1;4;14;17;0;18;10;0;17;0000000000000000000000000000000000000000000000000000000000000000000
1.10.2023;11:34:0;6;18;17;10;5;2;0;0;1;14;19;9;16;16;3;15;00000000000000000000000000000000000000000000000000000000000000000000
1.10.2023;11:35:0;4;12;18;18;7;1;0;0;4;17;22;12;12;6;1;19;00000000000000000000000000000000000000000000000000000000000000000000
1.10.2023;11:36:0;9;15;16;16;14;2;0;0;9;9;18;5;15;6;0;16;000000000000000000000000000000000000000000000000000000000000000000000
1.10.2023;11:37:0;3;15;11;10;13;1;1;0;1;10;6;7;10;2;1;19;000000000000000000000000000000000000000000000000000000000000000000000
1.10.2023;11:38:0;14;13;14;12;9;1;14;0;0;2;0;16;6;6;0;17;000000000000000000000000000000000000000000000000000000000000000000000
1.10.2023;11:39:0;8;9;8;15;12;0;0;0;0;1;1;7;1;3;0;16;0000000000000000000000000000000000000000000000000000000000000000000000000
1.10.2023;11:40:0;8;19;11;13;15;9;0;0;0;4;0;2;0;5;1;15;00000000000000000000000000000000000000000000000000000000000000000000000
1.10.2023;11:41:0;6;15;16;12;19;7;0;4;0;5;2;4;0;0;11;14;0000000000000000000000000000000000000000000000000000000000000000000000
1.10.2023;11:42:0;5;18;15;12;12;3;7;1;0;5;0;0;0;0;17;13;0000000000000000000000000000000000000000000000000000000000000000000000
1.10.2023;11:43:0;7;17;8;12;0;1;1;6;0;2;0;0;0;0;17;13;000000000000000000000000000000000000000000000000000000000000000000000000
1.10.2023;11:44:0;5;15;17;17;1;0;0;9;0;4;2;0;0;0;17;14;00000000000000000000000000000000000000000000000000000000000000000000000
1.10.2023;11:45:0;1;13;15;2;2;2;0;2;0;0;4;0;1;0;10;9;0000000000000000000000000000000000000000000000000000000000000000000000000
1.10.2023;11:46:0;0;13;13;0;1;2;0;10;1;0;1;0;3;0;11;16;00000000000000000000000000000000000000000000000000000000000000000000000
1.10.2023;11:47:0;0;9;1;0;2;0;1;0;0;0;0;0;2;0;0;15;000000000000000000000000000000000000000000000000000000000000000000000000000
1.10.2023;11:48:0;0;13;10;7;5;0;4;0;0;0;0;0;10;1;6;15;000000000000000000000000000000000000000000000000000000000000000000000000
1.10.2023;11:49:0;1;16;15;15;8;2;16;0;0;0;0;0;12;1;8;12;0000000000000000000000000000000000000000000000000000000000000000000000
1.10.2023;11:50:0;7;16;9;17;9;0;9;0;0;5;0;1;0;3;12;10;000000000000000000000000000000000000000000000000000000000000000000000000
1.10.2023;11:51:0;7;16;13;19;14;0;13;0;0;12;13;0;0;5;11;15;0000000000000000000000000000000000000000000000000000000000000000000
1.10.2023;11:52:0;11;15;15;17;16;8;8;0;2;15;18;0;0;11;11;15;000000000000000000000000000000000000000000000000000000000000000000
1.10.2023;11:53:0;11;17;18;16;17;11;16;0;10;12;16;0;0;3;5;16;00000000000000000000000000000000000000000000000000000000000000000
1.10.2023;11:54:0;7;16;12;5;18;0;16;0;9;14;0;0;0;2;11;13;000000000000000000000000000000000000000000000000000000000000000000000
1.10.2023;11:55:0;3;15;5;7;10;1;13;0;8;9;1;1;0;3;8;15;000000000000000000000000000000000000000000000000000000000000000000000000
1.10.2023;11:56:0;0;11;0;1;0;0;2;0;3;2;3;0;0;2;4;9;000000000000000000000000000000000000000000000000000000000000000000000000000
1.10.2023;11:57:0;0;13;0;0;0;0;1;0;1;10;0;7;0;6;9;5;00000000000000000000000000000000000000000000000000000000000000000000000000
1.10.2023;11:58:0;0;11;0;1;0;0;0;0;1;3;3;11;0;2;15;2;0000000000000000000000000000000000000000000000000000000000000000000000000
1.10.2023;11:59:0;0;8;0;5;0;0;0;4;1;1;1;3;3;3;18;10;00000000000000000000000000000000000000000000000000000000000000000000000000
1.10.2023;12:0:0;0;13;0;2;0;1;0;6;6;0;0;15;1;2;8;5;000000000000000000000000000000000000000000000000000000000000000000000000000
1.10.2023;12:1:0;0;14;0;1;0;5;0;0;1;0;0;20;2;0;12;12;0000000000000000000000000000000000000000000000000000000000000000000000000
1.10.2023;12:2:0;0;15;0;1;1;17;0;0;6;0;2;15;8;1;7;1;00000000000000000000000000000000000000000000000000000000000000000000000000
1.10.2023;12:3:0;0;14;0;0;0;15;3;0;12;0;0;20;12;3;0;1;000000000000000000000000000000000000000000000000000000000000000000000000
1.10.2023;12:4:0;0;7;0;1;0;9;0;0;7;0;0;11;1;8;1;4;0000000000000000000000000000000000000000000000000000000000000000000000000000
1.10.2023;12:5:0;0;2;0;0;0;1;0;0;10;0;0;0;0;2;0;1;0000000000000000000000000000000000000000000000000000000000000000000000000000
1.10.2023;12:6:0;0;0;0;0;0;3;0;0;0;0;0;0;0;0;0;0;00000000000000000000000000000000000000000000000000000000000000000000000000000
1.10.2023;12:7:0;0;2;0;3;0;6;0;0;3;0;0;0;0;0;1;0;00000000000000000000000000000000000000000000000000000000000000000000000000000
1.10.2023;12:8:0;0;0;0;0;0;0;0;0;0;0;0;0;0;1;0;0;00000000000000000000000000000000000000000000000000000000000000000000000000000
1.10.2023;12:9:0;0;0;0;0;0;2;0;0;1;0;0;0;0;0;0;0;00000000000000000000000000000000000000000000000000000000000000000000000000000
1.10.2023;12:10:0;0;10;0;0;0;4;0;0;0;0;0;0;0;4;2;0;000000000000000000000000000000000000000000000000000000000000000000000000000
1.10.2023;12:11:0;0;8;0;0;0;0;0;0;0;0;1;0;0;10;2;0;000000000000000000000000000000000000000000000000000000000000000000000000000
1.10.2023;12:12:0;0;0;0;0;0;5;0;0;0;0;0;0;0;8;0;1;0000000000000000000000000000000000000000000000000000000000000000000000000000
1.10.2023;12:13:0;0;1;0;1;0;10;0;0;0;0;0;0;0;8;0;2;000000000000000000000000000000000000000000000000000000000000000000000000000
1.10.2023;12:14:0;0;1;0;0;0;1;0;0;0;0;0;1;0;12;2;3;000000000000000000000000000000000000000000000000000000000000000000000000000
1.10.2023;12:15:0;0;2;2;0;0;0;0;0;0;2;0;0;0;4;3;0;0000000000000000000000000000000000000000000000000000000000000000000000000000
1.10.2023;12:16:0;0;2;1;4;0;4;0;0;0;2;0;1;0;9;7;7;0000000000000000000000000000000000000000000000000000000000000000000000000000
1.10.2023;12:17:0;1;5;0;14;3;7;0;0;0;2;0;0;0;4;2;15;00000000000000000000000000000000000000000000000000000000000000000000000000
1.10.2023;12:18:0;1;15;2;12;1;5;0;0;0;1;0;0;0;10;5;13;000000000000000000000000000000000000000000000000000000000000000000000000
1.10.2023;12:19:0;0;4;16;8;4;2;0;0;0;2;0;0;1;8;13;15;0000000000000000000000000000000000000000000000000000000000000000000000000
1.10.2023;12:20:0;0;0;12;4;1;7;0;3;0;7;0;1;0;7;7;14;00000000000000000000000000000000000000000000000000000000000000000000000000
1.10.2023;12:21:0;1;2;6;4;1;7;0;2;1;1;2;0;4;6;10;15;00000000000000000000000000000000000000000000000000000000000000000000000000
1.10.2023;12:22:0;1;2;4;3;1;5;0;0;14;1;2;0;0;9;3;11;00000000000000000000000000000000000000000000000000000000000000000000000000
1.10.2023;12:23:0;1;9;3;2;3;8;0;0;4;1;7;0;1;4;6;10;000000000000000000000000000000000000000000000000000000000000000000000000000
1.10.2023;12:24:0;3;12;3;5;7;7;0;0;3;3;0;0;5;1;14;8;00000000000000000000000000000000000000000000000000000000000000000000000000
1.10.2023;12:25:0;0;0;0;18;5;5;0;0;0;1;0;0;6;7;12;11;0000000000000000000000000000000000000000000000000000000000000000000000000
1.10.2023;12:26:0;0;3;1;18;9;4;0;0;0;0;1;0;5;1;9;17;00000000000000000000000000000000000000000000000000000000000000000000000000
1.10.2023;12:27:0;2;11;0;20;9;7;0;0;0;0;1;0;0;2;5;12;0000000000000000000000000000000000000000000000000000000000000000000000000
1.10.2023;12:28:0;0;8;0;20;7;7;0;0;0;1;0;0;0;5;13;7;00000000000000000000000000000000000000000000000000000000000000000000000000
1.10.2023;12:29:0;1;8;1;11;1;5;0;0;1;1;0;0;1;2;4;1;000000000000000000000000000000000000000000000000000000000000000000000000000
1.10.2023;12:30:0;0;9;0;8;0;5;0;0;4;8;0;0;0;0;6;5;0000000000000000000000000000000000000000000000000000000000000000000000000000
1.10.2023;12:31:0;0;1;2;14;0;8;0;0;0;7;0;1;2;0;12;4;00000000000000000000000000000000000000000000000000000000000000000000000000
1.10.2023;12:32:0;6;5;2;8;0;3;2;0;0;11;0;1;0;0;14;8;00000000000000000000000000000000000000000000000000000000000000000000000000
1.10.2023;12:33:0;3;3;1;10;0;9;10;0;1;15;3;0;5;1;9;8;0000000000000000000000000000000000000000000000000000000000000000000000000
1.10.2023;12:34:0;2;6;2;13;0;12;21;0;0;14;3;0;7;0;16;5;00000000000000000000000000000000000000000000000000000000000000000000000
1.10.2023;12:35:0;0;0;1;17;0;5;11;0;0;9;5;0;7;0;19;8;0000000000000000000000000000000000000000000000000000000000000000000000000
1.10.2023;12:36:0;0;1;0;11;0;3;0;2;0;2;2;0;0;0;15;9;00000000000000000000000000000000000000000000000000000000000000000000000000
1.10.2023;12:37:0;1;1;0;11;0;6;0;0;0;4;1;0;2;0;15;11;0000000000000000000000000000000000000000000000000000000000000000000000000
1.10.2023;12:38:0;1;2;4;12;2;2;0;0;0;8;2;4;2;2;10;13;0000000000000000000000000000000000000000000000000000000000000000000000000
1.10.2023;12:39:0;0;5;0;11;6;1;0;0;0;4;6;8;3;0;15;19;0000000000000000000000000000000000000000000000000000000000000000000000000
1.10.2023;12:40:0;1;10;6;9;0;6;0;0;0;5;0;9;11;1;13;18;000000000000000000000000000000000000000000000000000000000000000000000000
1.10.2023;12:41:0;0;8;4;4;0;9;0;0;2;0;0;5;15;4;14;11;0000000000000000000000000000000000000000000000000000000000000000000000000
1.10.2023;12:42:0;0;8;6;10;4;13;0;4;0;0;3;13;8;3;10;6;000000000000000000000000000000000000000000000000000000000000000000000000
1.10.2023;12:43:0;0;0;19;0;4;9;0;4;0;0;1;10;5;7;12;2;0000000000000000000000000000000000000000000000000000000000000000000000000
1.10.2023;12:44:0;0;0;15;1;2;12;0;0;0;0;13;8;8;0;6;2;0000000000000000000000000000000000000000000000000000000000000000000000000
1.10.2023;12:45:0;0;0;6;1;0;6;0;2;0;0;15;11;1;0;13;2;0000000000000000000000000000000000000000000000000000000000000000000000000
1.10.2023;12:46:0;3;7;13;1;0;10;0;1;0;0;15;8;0;0;14;3;000000000000000000000000000000000000000000000000000000000000000000000000
1.10.2023;12:47:0;10;0;7;0;0;8;0;11;0;0;2;6;0;0;12;11;000000000000000000000000000000000000000000000000000000000000000000000000
1.10.2023;12:48:0;2;1;4;1;0;6;0;9;0;0;6;0;0;0;14;8;000000000000000000000000000000000000000000000000000000000000000000000000000
1.10.2023;12:49:0;0;1;1;1;0;9;0;0;0;3;0;0;0;0;5;4;0000000000000000000000000000000000000000000000000000000000000000000000000000
1.10.2023;12:50:0;0;0;4;0;0;8;0;0;0;1;1;2;0;0;9;9;0000000000000000000000000000000000000000000000000000000000000000000000000000
1.10.2023;12:51:0;0;1;8;0;0;3;5;0;0;1;0;0;0;0;9;9;0000000000000000000000000000000000000000000000000000000000000000000000000000
1.10.2023;12:52:0;5;1;2;0;0;6;0;0;0;1;0;0;0;0;9;17;000000000000000000000000000000000000000000000000000000000000000000000000000
1.10.2023;12:53:0;1;7;16;0;0;5;0;2;2;0;10;0;0;0;3;21;0000000000000000000000000000000000000000000000000000000000000000000000000
1.10.2023;12:54:0;10;9;12;0;0;3;0;4;4;1;11;0;2;0;4;11;000000000000000000000000000000000000000000000000000000000000000000000000
1.10.2023;12:55:0;0;6;7;1;0;0;0;2;2;0;0;0;0;0;5;1;0000000000000000000000000000000000000000000000000000000000000000000000000000
1.10.2023;12:56:0;0;6;3;2;0;7;6;0;16;0;8;0;0;2;4;0;000000000000000000000000000000000000000000000000000000000000000000000000000
1.10.2023;12:57:0;0;1;0;0;0;4;1;0;16;9;17;0;0;6;6;12;0000000000000000000000000000000000000000000000000000000000000000000000000
1.10.2023;12:58:0;0;3;7;1;0;6;0;1;14;4;16;0;0;0;1;12;0000000000000000000000000000000000000000000000000000000000000000000000000
1.10.2023;12:59:0;0;9;0;1;0;3;0;0;20;7;13;0;0;0;2;10;0000000000000000000000000000000000000000000000000000000000000000000000000
1.10.2023;13:0:0;0;5;0;2;0;6;0;0;19;11;18;0;0;0;3;11;0000000000000000000000000000000000000000000000000000000000000000000000000
1.10.2023;13:1:0;0;1;0;4;5;9;0;0;13;8;18;0;0;0;9;8;000000000000000000000000000000000000000000000000000000000000000000000000000
1.10.2023;13:2:0;0;0;0;1;11;5;0;0;17;11;12;1;4;0;11;7;000000000000000000000000000000000000000000000000000000000000000000000000
1.10.2023;13:3:0;0;9;0;0;2;2;0;1;2;5;13;0;12;0;12;11;0000000000000000000000000000000000000000000000000000000000000000000000000
1.10.2023;13:4:0;0;9;0;0;0;3;0;2;1;15;4;0;6;0;15;15;00000000000000000000000000000000000000000000000000000000000000000000000000
1.10.2023;13:5:0;0;10;0;0;0;10;0;13;5;12;11;0;3;1;6;21;00000000000000000000000000000000000000000000000000000000000000000000000
1.10.2023;13:6:0;0;9;0;1;0;6;10;10;2;13;9;0;4;3;17;16;000000000000000000000000000000000000000000000000000000000000000000000000
1.10.2023;13:7:0;0;13;0;6;0;9;5;6;1;12;13;0;6;0;12;21;000000000000000000000000000000000000000000000000000000000000000000000000
1.10.2023;13:8:0;0;8;0;1;0;7;0;3;1;17;13;0;0;3;11;22;0000000000000000000000000000000000000000000000000000000000000000000000000
1.10.2023;13:9:0;0;12;0;6;0;5;0;0;8;13;14;0;2;0;12;15;000000000000000000000000000000000000000000000000000000000000000000000000
1.10.2023;13:10:0;0;7;0;5;0;6;0;1;11;1;9;0;0;0;15;16;0000000000000000000000000000000000000000000000000000000000000000000000000
1.10.2023;13:11:0;0;4;0;5;0;10;0;0;1;0;16;3;4;0;7;13;0000000000000000000000000000000000000000000000000000000000000000000000000
1.10.2023;13:12:0;6;6;5;3;0;10;0;1;0;0;15;5;1;2;10;16;000000000000000000000000000000000000000000000000000000000000000000000000
1.10.2023;13:13:0;1;9;14;1;0;9;0;0;0;0;25;0;1;3;10;13;000000000000000000000000000000000000000000000000000000000000000000000000
1.10.2023;13:14:0;0;4;8;6;0;12;0;0;0;4;17;9;2;2;12;14;000000000000000000000000000000000000000000000000000000000000000000000000
1.10.2023;13:15:0;3;12;0;5;3;12;0;0;3;5;22;19;2;13;13;13;000000000000000000000000000000000000000000000000000000000000000000000
1.10.2023;13:16:0;0;6;0;0;4;20;3;0;3;2;18;12;7;6;16;12;00000000000000000000000000000000000000000000000000000000000000000000000
1.10.2023;13:17:0;3;10;0;7;8;17;2;0;18;6;18;4;2;9;4;12;00000000000000000000000000000000000000000000000000000000000000000000000
1.10.2023;13:18:0;0;10;0;9;1;3;0;0;21;0;15;9;4;5;8;5;0000000000000000000000000000000000000000000000000000000000000000000000000
1.10.2023;13:19:0;0;11;2;11;0;3;0;0;11;1;5;14;1;10;3;15;0000000000000000000000000000000000000000000000000000000000000000000000
1.10.2023;13:20:0;0;6;6;9;0;8;0;0;0;1;17;12;0;10;6;18;000000000000000000000000000000000000000000000000000000000000000000000000
1.10.2023;13:21:0;0;14;9;6;0;11;0;0;2;1;15;8;0;10;18;15;0000000000000000000000000000000000000000000000000000000000000000000000
1.10.2023;13:22:0;10;15;7;14;0;12;0;0;8;2;19;2;0;8;17;18;000000000000000000000000000000000000000000000000000000000000000000000
1.10.2023;13:23:0;4;14;6;10;0;16;0;0;2;6;16;2;0;6;6;7;000000000000000000000000000000000000000000000000000000000000000000000000
1.10.2023;13:24:0;0;10;3;0;0;7;0;0;2;4;16;0;0;13;8;9;0000000000000000000000000000000000000000000000000000000000000000000000000
1.10.2023;13:25:0;0;13;2;7;5;5;0;0;5;8;19;0;0;5;12;10;000000000000000000000000000000000000000000000000000000000000000000000000
1.10.2023;13:26:0;3;13;4;10;9;7;0;0;0;11;11;0;0;1;15;8;00000000000000000000000000000000000000000000000000000000000000000000000
1.10.2023;13:27:0;1;16;5;8;10;4;0;0;9;10;18;0;0;12;16;9;0000000000000000000000000000000000000000000000000000000000000000000000
1.10.2023;13:28:0;1;13;0;3;5;6;0;0;10;11;19;0;1;7;16;7;00000000000000000000000000000000000000000000000000000000000000000000000
1.10.2023;13:29:0;1;12;0;3;1;8;0;1;11;13;23;1;0;0;14;5;00000000000000000000000000000000000000000000000000000000000000000000000
1.10.2023;13:30:0;0;11;0;7;1;10;0;0;2;13;18;5;5;0;10;13;0000000000000000000000000000000000000000000000000000000000000000000000
1.10.2023;13:31:0;1;13;0;0;0;9;0;2;0;10;20;7;2;0;12;14;00000000000000000000000000000000000000000000000000000000000000000000000
1.10.2023;13:32:0;0;14;0;0;0;4;0;2;1;6;13;8;1;0;13;12;000000000000000000000000000000000000000000000000000000000000000000000000
1.10.2023;13:33:0;0;5;0;0;0;4;0;10;0;1;4;6;0;0;12;2;00000000000000000000000000000000000000000000000000000000000000000000000000
1.10.2023;13:34:0;0;12;0;0;0;15;0;5;0;0;11;10;1;0;19;8;00000000000000000000000000000000000000000000000000000000000000000000000
1.10.2023;13:35:0;0;16;0;1;0;18;0;0;0;1;16;19;0;0;15;6;00000000000000000000000000000000000000000000000000000000000000000000000
1.10.2023;13:36:0;2;17;0;1;0;11;0;0;1;2;9;8;3;3;7;16;0000000000000000000000000000000000000000000000000000000000000000000000000
1.10.2023;13:37:0;0;6;0;1;1;7;0;0;0;0;7;5;7;3;5;12;000000000000000000000000000000000000000000000000000000000000000000000000000
1.10.2023;13:38:0;1;2;0;0;0;11;0;0;0;3;14;7;0;2;11;9;0000000000000000000000000000000000000000000000000000000000000000000000000
1.10.2023;13:39:0;5;3;0;0;0;8;0;1;0;7;15;5;3;3;18;8;00000000000000000000000000000000000000000000000000000000000000000000000000
1.10.2023;13:40:0;4;10;0;0;0;6;0;7;1;7;13;12;5;2;14;7;000000000000000000000000000000000000000000000000000000000000000000000000
1.10.2023;13:41:0;0;14;3;0;6;8;0;1;1;10;18;11;0;6;15;4;00000000000000000000000000000000000000000000000000000000000000000000000
1.10.2023;13:42:0;0;16;5;1;7;6;0;2;1;17;21;7;2;1;14;12;00000000000000000000000000000000000000000000000000000000000000000000000
1.10.2023;13:43:0;1;21;5;4;11;9;0;0;0;10;10;5;0;0;17;10;0000000000000000000000000000000000000000000000000000000000000000000000
1.10.2023;13:44:0;0;18;10;0;11;6;0;1;0;10;1;14;0;0;19;7;0000000000000000000000000000000000000000000000000000000000000000000000
1.10.2023;13:45:0;0;17;9;0;14;6;0;4;0;7;3;17;0;0;12;15;00000000000000000000000000000000000000000000000000000000000000000000000
1.10.2023;13:46:0;6;11;16;0;16;16;0;2;0;1;16;6;0;2;17;16;000000000000000000000000000000000000000000000000000000000000000000000
1.10.2023;13:47:0;2;11;7;0;17;1;0;2;0;2;20;2;0;1;8;18;000000000000000000000000000000000000000000000000000000000000000000000000
1.10.2023;13:48:0;0;15;4;3;15;7;1;4;0;2;19;7;0;1;7;14;000000000000000000000000000000000000000000000000000000000000000000000000
1.10.2023;13:49:0;2;14;0;3;16;8;1;0;0;4;17;10;0;0;14;16;0000000000000000000000000000000000000000000000000000000000000000000000
1.10.2023;13:50:0;0;10;0;0;0;9;3;0;0;2;15;12;0;0;21;8;000000000000000000000000000000000000000000000000000000000000000000000000
1.10.2023;13:51:0;0;15;3;0;6;11;0;0;0;2;18;15;0;0;18;7;00000000000000000000000000000000000000000000000000000000000000000000000
1.10.2023;13:52:0;0;10;0;1;7;4;0;0;0;3;19;16;0;0;11;10;00000000000000000000000000000000000000000000000000000000000000000000000
1.10.2023;13:53:0;0;0;0;2;9;7;0;0;6;6;12;15;0;0;10;7;0000000000000000000000000000000000000000000000000000000000000000000000000
1.10.2023;13:54:0;0;0;0;0;4;2;0;0;1;2;8;4;2;1;5;2;0000000000000000000000000000000000000000000000000000000000000000000000000000
1.10.2023;13:55:0;0;0;0;0;7;7;0;0;0;0;0;9;0;0;2;2;0000000000000000000000000000000000000000000000000000000000000000000000000000
1.10.2023;13:56:0;2;2;0;0;6;12;0;0;0;0;7;15;0;0;8;5;00000000000000000000000000000000000000000000000000000000000000000000000000
1.10.2023;13:57:0;1;0;0;2;11;10;0;0;3;0;3;12;0;0;11;3;000000000000000000000000000000000000000000000000000000000000000000000000
1.10.2023;13:58:0;0;8;0;1;16;7;0;0;0;0;9;12;0;2;8;7;00000000000000000000000000000000000000000000000000000000000000000000000000
1.10.2023;13:59:0;0;12;0;5;12;11;1;0;1;0;4;15;0;8;13;4;00000000000000000000000000000000000000000000000000000000000000000000000
1.10.2023;14:0:0;1;8;0;3;7;5;0;0;0;0;8;17;0;6;13;6;000000000000000000000000000000000000000000000000000000000000000000000000000
1.10.2023;14:1:0;3;9;0;2;4;17;0;0;0;0;13;19;0;9;11;7;0000000000000000000000000000000000000000000000000000000000000000000000000
1.10.2023;14:2:0;3;3;0;0;0;12;0;0;1;0;10;14;0;14;15;10;00000000000000000000000000000000000000000000000000000000000000000000000
1.10.2023;14:3:0;3;3;0;0;11;13;0;0;0;1;13;6;5;15;12;5;000000000000000000000000000000000000000000000000000000000000000000000000
1.10.2023;14:4:0;7;1;0;0;0;11;0;1;0;0;3;9;1;16;8;2;000000000000000000000000000000000000000000000000000000000000000000000000000
1.10.2023;14:5:0;0;2;0;0;7;11;0;0;0;0;5;6;0;15;10;1;00000000000000000000000000000000000000000000000000000000000000000000000000
1.10.2023;14:6:0;8;0;0;1;9;10;0;0;3;2;13;16;0;8;9;3;00000000000000000000000000000000000000000000000000000000000000000000000000
1.10.2023;14:7:0;2;1;5;4;9;6;0;0;5;6;6;13;0;6;13;3;000000000000000000000000000000000000000000000000000000000000000000000000000
1.10.2023;14:8:0;0;4;3;3;12;17;0;1;9;9;10;9;0;8;14;5;0000000000000000000000000000000000000000000000000000000000000000000000000
1.10.2023;14:9:0;0;3;1;9;10;16;0;0;8;3;11;0;0;5;9;8;00000000000000000000000000000000000000000000000000000000000000000000000000
1.10.2023;14:10:0;0;0;4;1;4;14;1;0;6;5;14;2;0;8;11;6;0000000000000000000000000000000000000000000000000000000000000000000000000
1.10.2023;14:11:0;0;0;7;0;14;10;4;1;1;0;13;10;0;1;3;3;000000000000000000000000000000000000000000000000000000000000000000000000
1.10.2023;14:12:0;0;3;11;4;13;9;3;1;0;0;15;4;0;11;8;3;000000000000000000000000000000000000000000000000000000000000000000000000
1.10.2023;14:13:0;0;0;13;2;17;9;1;0;0;2;14;9;0;5;3;12;000000000000000000000000000000000000000000000000000000000000000000000000
1.10.2023;14:14:0;0;0;5;5;17;9;1;0;0;6;13;7;0;2;17;12;000000000000000000000000000000000000000000000000000000000000000000000000
1.10.2023;14:15:0;0;3;7;0;17;7;0;1;3;4;11;9;0;0;11;8;0000000000000000000000000000000000000000000000000000000000000000000000000
1.10.2023;14:16:0;0;5;2;1;1;11;0;8;0;12;16;13;0;1;4;4;000000000000000000000000000000000000000000000000000000000000000000000000
1.10.2023;14:17:0;0;3;4;0;5;15;0;3;0;12;8;11;0;5;3;6;0000000000000000000000000000000000000000000000000000000000000000000000000
1.10.2023;14:18:0;0;5;8;0;5;20;0;4;0;11;13;14;0;4;5;13;00000000000000000000000000000000000000000000000000000000000000000000000
1.10.2023;14:19:0;0;4;5;0;10;11;2;1;0;11;16;3;0;3;14;14;0000000000000000000000000000000000000000000000000000000000000000000000
1.10.2023;14:20:0;0;6;4;5;13;14;8;3;0;13;4;0;0;7;9;4;0000000000000000000000000000000000000000000000000000000000000000000000000
1.10.2023;14:21:0;0;2;7;5;13;13;8;1;1;13;0;7;1;11;13;16;0000000000000000000000000000000000000000000000000000000000000000000000
1.10.2023;14:22:0;0;3;16;2;19;21;1;0;3;19;0;10;1;2;9;6;00000000000000000000000000000000000000000000000000000000000000000000000
1.10.2023;14:23:0;0;3;6;0;13;16;0;0;0;5;0;6;0;3;11;1;0000000000000000000000000000000000000000000000000000000000000000000000000
1.10.2023;14:24:0;0;4;6;0;12;9;0;0;1;11;0;9;0;6;7;0;00000000000000000000000000000000000000000000000000000000000000000000000000
1.10.2023;14:25:0;0;0;8;3;18;15;0;2;1;15;7;8;0;2;7;6;0000000000000000000000000000000000000000000000000000000000000000000000000
1.10.2023;14:26:0;0;4;11;11;19;20;0;2;6;12;3;7;0;8;9;14;0000000000000000000000000000000000000000000000000000000000000000000000
1.10.2023;14:27:0;0;6;9;5;6;14;0;1;0;13;3;10;0;6;6;11;000000000000000000000000000000000000000000000000000000000000000000000000
1.10.2023;14:28:0;0;6;9;2;9;13;0;12;0;11;4;17;0;6;8;7;000000000000000000000000000000000000000000000000000000000000000000000000
1.10.2023;14:29:0;0;4;6;4;16;10;1;10;0;16;9;11;0;7;8;5;00000000000000000000000000000000000000000000000000000000000000000000000
1.10.2023;14:30:0;2;6;16;0;15;20;5;1;1;11;10;11;0;4;13;14;00000000000000000000000000000000000000000000000000000000000000000000
1.10.2023;14:31:0;1;2;4;0;19;21;7;4;1;7;18;11;5;0;11;16;0000000000000000000000000000000000000000000000000000000000000000000000
1.10.2023;14:32:0;0;2;16;1;16;18;7;1;9;8;8;15;5;0;13;11;0000000000000000000000000000000000000000000000000000000000000000000000
1.10.2023;14:33:0;0;0;19;1;16;22;6;0;12;19;6;11;4;0;12;11;00000000000000000000000000000000000000000000000000000000000000000000
1.10.2023;14:34:0;4;3;13;4;10;20;2;0;16;12;3;10;5;0;19;15;00000000000000000000000000000000000000000000000000000000000000000000
1.10.2023;14:35:0;2;1;8;5;12;9;11;3;14;17;11;10;0;1;10;11;00000000000000000000000000000000000000000000000000000000000000000000
1.10.2023;14:36:0;0;0;1;9;17;16;9;2;13;11;3;17;0;6;7;10;0000000000000000000000000000000000000000000000000000000000000000000000
1.10.2023;14:37:0;3;4;0;4;2;5;4;1;9;5;3;3;0;4;8;8;0000000000000000000000000000000000000000000000000000000000000000000000000000
1.10.2023;14:38:0;0;3;0;0;0;0;0;0;7;6;2;6;0;0;0;14;000000000000000000000000000000000000000000000000000000000000000000000000000
1.10.2023;14:39:0;0;3;0;0;0;0;0;0;12;19;2;20;0;0;1;9;0000000000000000000000000000000000000000000000000000000000000000000000000
1.10.2023;14:40:0;0;8;0;0;0;0;0;0;5;13;4;5;0;0;2;4;000000000000000000000000000000000000000000000000000000000000000000000000000
1.10.2023;14:41:0;1;2;1;0;0;1;0;0;2;12;14;4;0;0;1;3;00000000000000000000000000000000000000000000000000000000000000000000000000
1.10.2023;14:42:0;0;4;13;0;0;1;0;0;13;4;13;7;0;0;11;8;000000000000000000000000000000000000000000000000000000000000000000000000
1.10.2023;14:43:0;0;6;5;0;0;6;2;0;19;10;11;14;0;9;17;6;00000000000000000000000000000000000000000000000000000000000000000000000
1.10.2023;14:44:0;5;7;10;0;0;4;2;0;18;20;19;9;0;10;13;4;0000000000000000000000000000000000000000000000000000000000000000000000
1.10.2023;14:45:0;0;4;6;2;0;14;0;1;15;14;10;10;0;1;21;13;000000000000000000000000000000000000000000000000000000000000000000000
1.10.2023;14:46:0;0;6;6;0;4;5;0;1;10;16;12;12;0;7;16;14;0000000000000000000000000000000000000000000000000000000000000000000000
1.10.2023;14:47:0;0;3;1;2;7;2;0;1;1;18;17;2;0;3;14;10;000000000000000000000000000000000000000000000000000000000000000000000000
1.10.2023;14:48:0;0;4;4;0;0;7;0;0;2;12;9;13;0;2;8;5;00000000000000000000000000000000000000000000000000000000000000000000000000
1.10.2023;14:49:0;0;5;4;0;0;7;0;0;4;17;5;12;0;2;2;8;00000000000000000000000000000000000000000000000000000000000000000000000000
1.10.2023;14:50:0;5;7;6;0;1;7;10;0;12;18;13;20;0;3;2;7;00000000000000000000000000000000000000000000000000000000000000000000000
1.10.2023;14:51:0;2;2;2;0;0;2;3;0;3;12;9;10;5;3;2;7;00000000000000000000000000000000000000000000000000000000000000000000000000
1.10.2023;14:52:0;0;1;0;0;0;3;0;0;1;7;9;6;2;7;0;6;0000000000000000000000000000000000000000000000000000000000000000000000000000
1.10.2023;14:53:0;0;0;3;3;0;11;0;0;0;16;7;12;1;6;1;7;0000000000000000000000000000000000000000000000000000000000000000000000000
1.10.2023;14:54:0;0;8;4;2;0;4;0;0;5;16;20;13;0;13;4;10;00000000000000000000000000000000000000000000000000000000000000000000000
1.10.2023;14:55:0;5;1;3;0;0;11;0;0;6;15;8;12;0;10;11;8;00000000000000000000000000000000000000000000000000000000000000000000000
1.10.2023;14:56:0;3;5;2;0;4;7;0;0;3;15;8;4;0;6;14;13;0000000000000000000000000000000000000000000000000000000000000000000000000
1.10.2023;14:57:0;1;7;4;8;4;8;0;0;5;16;14;11;0;6;12;7;000000000000000000000000000000000000000000000000000000000000000000000000
1.10.2023;14:58:0;2;6;7;5;7;11;0;0;1;10;13;13;0;5;2;6;000000000000000000000000000000000000000000000000000000000000000000000000
1.10.2023;14:59:0;5;9;10;6;0;8;0;1;3;14;4;10;0;6;12;12;00000000000000000000000000000000000000000000000000000000000000000000000
1.10.2023;15:0:0;6;10;3;11;0;10;1;2;3;8;16;13;0;7;10;12;0000000000000000000000000000000000000000000000000000000000000000000000
1.10.2023;15:1:0;8;8;8;9;0;8;4;5;0;3;19;13;0;2;15;9;00000000000000000000000000000000000000000000000000000000000000000000000000
1.10.2023;15:2:0;3;11;13;5;3;14;7;1;2;2;5;15;0;6;14;12;00000000000000000000000000000000000000000000000000000000000000000000000
1.10.2023;15:3:0;6;10;10;8;6;15;9;5;1;11;14;10;0;1;12;5;0000000000000000000000000000000000000000000000000000000000000000000000
1.10.2023;15:4:0;6;11;17;5;3;13;3;0;3;12;20;9;0;1;6;7;000000000000000000000000000000000000000000000000000000000000000000000000
1.10.2023;15:5:0;10;3;14;3;2;15;0;2;1;11;18;8;0;5;9;7;000000000000000000000000000000000000000000000000000000000000000000000000
1.10.2023;15:6:0;6;15;14;15;3;10;0;0;0;5;16;2;0;11;17;12;000000000000000000000000000000000000000000000000000000000000000000000
1.10.2023;15:7:0;6;10;12;4;2;11;0;0;0;12;12;13;0;11;10;8;000000000000000000000000000000000000000000000000000000000000000000000
1.10.2023;15:8:0;13;0;4;17;1;6;0;0;0;12;18;7;0;12;6;1;000000000000000000000000000000000000000000000000000000000000000000000000
1.10.2023;15:9:0;11;1;20;9;2;15;0;0;2;11;17;11;2;9;16;8;0000000000000000000000000000000000000000000000000000000000000000000000
1.10.2023;15:10:0;7;0;13;6;6;16;0;0;1;19;19;16;1;8;10;6;0000000000000000000000000000000000000000000000000000000000000000000000
1.10.2023;15:11:0;12;2;15;0;11;9;2;2;4;15;0;14;1;11;18;10;00000000000000000000000000000000000000000000000000000000000000000000
1.10.2023;15:12:0;5;0;8;4;13;5;2;3;3;10;0;12;2;11;13;6;00000000000000000000000000000000000000000000000000000000000000000000000
1.10.2023;15:13:0;0;0;4;5;7;9;11;4;1;4;0;12;0;14;14;4;000000000000000000000000000000000000000000000000000000000000000000000000
1.10.2023;15:14:0;6;3;6;6;4;10;9;1;3;3;0;15;5;11;14;8;000000000000000000000000000000000000000000000000000000000000000000000000
1.10.2023;15:15:0;10;5;9;4;2;7;11;1;11;0;0;14;4;12;14;11;000000000000000000000000000000000000000000000000000000000000000000000
1.10.2023;15:16:0;7;2;16;3;9;7;3;0;8;0;0;13;2;7;10;8;0000000000000000000000000000000000000000000000000000000000000000000000000
1.10.2023;15:17:0;3;3;14;6;14;7;0;0;10;0;0;13;5;16;12;9;0000000000000000000000000000000000000000000000000000000000000000000000
1.10.2023;15:18:0;2;2;7;1;1;4;0;1;0;0;0;9;1;8;3;10;000000000000000000000000000000000000000000000000000000000000000000000000000
1.10.2023;15:19:0;2;1;1;6;8;0;0;0;1;0;0;14;0;9;11;13;0000000000000000000000000000000000000000000000000000000000000000000000000
1.10.2023;15:20:0;0;3;3;5;1;0;0;0;0;0;0;14;2;7;10;6;00000000000000000000000000000000000000000000000000000000000000000000000000
1.10.2023;15:21:0;0;2;5;3;8;0;0;0;0;0;0;12;0;2;16;8;00000000000000000000000000000000000000000000000000000000000000000000000000
1.10.2023;15:22:0;0;3;4;1;2;1;0;0;0;0;0;12;1;4;6;11;00000000000000000000000000000000000000000000000000000000000000000000000000
1.10.2023;15:23:0;0;4;5;5;9;0;0;0;0;0;0;12;1;11;16;6;0000000000000000000000000000000000000000000000000000000000000000000000000
1.10.2023;15:24:0;0;1;8;7;4;0;6;0;0;0;0;16;0;13;18;6;0000000000000000000000000000000000000000000000000000000000000000000000000
1.10.2023;15:25:0;1;9;12;8;3;2;11;0;0;0;0;11;0;8;11;12;00000000000000000000000000000000000000000000000000000000000000000000000
1.10.2023;15:26:0;2;5;10;1;0;2;8;0;4;0;0;10;4;15;9;5;0000000000000000000000000000000000000000000000000000000000000000000000000
1.10.2023;15:27:0;6;8;4;6;0;1;12;0;9;2;0;14;3;3;1;4;00000000000000000000000000000000000000000000000000000000000000000000000000
1.10.2023;15:28:0;4;12;4;3;0;1;2;2;9;1;1;7;1;6;5;8;000000000000000000000000000000000000000000000000000000000000000000000000000
1.10.2023;15:29:0;2;5;7;9;0;2;0;5;5;9;0;4;3;11;8;9;000000000000000000000000000000000000000000000000000000000000000000000000000
1.10.2023;15:30:0;5;6;11;9;0;1;0;0;0;10;8;7;14;14;11;14;0000000000000000000000000000000000000000000000000000000000000000000000
1.10.2023;15:31:0;2;8;7;8;0;0;0;1;5;15;4;6;12;16;15;12;00000000000000000000000000000000000000000000000000000000000000000000000
1.10.2023;15:32:0;0;2;5;10;0;3;0;2;5;12;1;0;13;15;17;5;00000000000000000000000000000000000000000000000000000000000000000000000
1.10.2023;15:33:0;7;10;0;13;0;4;0;1;1;12;7;4;8;7;15;18;00000000000000000000000000000000000000000000000000000000000000000000000
1.10.2023;15:34:0;11;8;3;7;2;6;0;3;2;10;13;13;1;12;11;8;0000000000000000000000000000000000000000000000000000000000000000000000
1.10.2023;15:35:0;4;9;12;7;1;8;0;2;3;9;5;11;2;4;5;4;00000000000000000000000000000000000000000000000000000000000000000000000000
1.10.2023;15:36:0;5;14;17;8;1;11;0;3;0;14;0;10;7;7;3;1;00000000000000000000000000000000000000000000000000000000000000000000000
1.10.2023;15:37:0;4;10;12;1;5;4;0;1;11;11;0;8;2;11;11;0;0000000000000000000000000000000000000000000000000000000000000000000000
1.10.2023;15:38:0;5;11;8;13;9;10;0;2;14;13;0;6;1;10;2;3;0000000000000000000000000000000000000000000000000000000000000000000000
1.10.2023;15:39:0;2;15;5;8;7;9;0;2;11;8;5;9;10;14;7;3;000000000000000000000000000000000000000000000000000000000000000000000000
1.10.2023;15:40:0;8;9;3;8;2;12;0;2;8;5;1;4;8;5;8;2;000000000000000000000000000000000000000000000000000000000000000000000000000
1.10.2023;15:41:0;14;5;5;8;0;5;0;0;14;10;1;9;0;9;6;0;0000000000000000000000000000000000000000000000000000000000000000000000000
1.10.2023;15:42:0;5;10;5;7;0;14;0;0;15;16;7;11;0;14;11;8;000000000000000000000000000000000000000000000000000000000000000000000
1.10.2023;15:43:0;1;8;4;17;0;17;0;0;7;9;0;9;0;7;7;5;00000000000000000000000000000000000000000000000000000000000000000000000000
1.10.2023;15:44:0;3;12;1;15;0;11;0;0;2;15;0;11;0;8;15;9;0000000000000000000000000000000000000000000000000000000000000000000000
1.10.2023;15:45:0;8;17;8;10;3;13;0;0;5;17;0;3;0;3;13;5;00000000000000000000000000000000000000000000000000000000000000000000000
1.10.2023;15:46:0;5;6;6;7;5;5;1;0;2;10;0;10;0;12;13;1;000000000000000000000000000000000000000000000000000000000000000000000000
1.10.2023;15:47:0;3;11;4;9;7;15;2;1;1;14;4;3;0;6;12;2;000000000000000000000000000000000000000000000000000000000000000000000000
1.10.2023;15:48:0;6;11;3;9;1;15;1;1;1;15;6;15;5;13;14;3;0000000000000000000000000000000000000000000000000000000000000000000000
1.10.2023;15:49:0;6;9;4;5;2;9;4;1;4;13;10;9;0;8;9;3;00000000000000000000000000000000000000000000000000000000000000000000000000
1.10.2023;15:50:0;6;3;16;2;4;9;7;1;5;12;8;13;3;11;13;4;00000000000000000000000000000000000000000000000000000000000000000000000
1.10.2023;15:51:0;6;2;8;4;4;8;3;2;3;14;0;10;3;20;11;6;000000000000000000000000000000000000000000000000000000000000000000000000
1.10.2023;15:52:0;0;1;5;10;8;14;0;3;1;17;0;10;6;17;16;0;0000000000000000000000000000000000000000000000000000000000000000000000
1.10.2023;15:53:0;0;5;5;4;10;5;0;1;2;10;0;11;8;14;16;5;00000000000000000000000000000000000000000000000000000000000000000000000
1.10.2023;15:54:0;0;6;1;8;12;9;0;3;7;13;0;9;2;15;17;6;000000000000000000000000000000000000000000000000000000000000000000000000
1.10.2023;15:55:0;0;12;4;14;11;8;0;2;4;7;6;7;5;10;7;12;00000000000000000000000000000000000000000000000000000000000000000000000
1.10.2023;15:56:0;0;2;1;2;0;5;0;0;0;0;0;10;0;10;5;0;00000000000000000000000000000000000000000000000000000000000000000000000000
1.10.2023;15:57:0;0;3;7;2;0;12;0;3;2;0;0;11;3;11;9;0;0000000000000000000000000000000000000000000000000000000000000000000000000
1.10.2023;15:58:0;0;3;3;2;0;7;0;8;0;10;0;12;5;16;8;5;0000000000000000000000000000000000000000000000000000000000000000000000000
1.10.2023;15:59:0;3;5;2;0;0;14;2;5;3;11;0;10;8;10;13;8;00000000000000000000000000000000000000000000000000000000000000000000000
1.10.2023;16:0:0;12;11;12;0;6;11;4;3;10;12;0;7;7;18;14;12;00000000000000000000000000000000000000000000000000000000000000000000
1.10.2023;16:1:0;5;14;12;0;4;6;3;1;2;12;0;13;10;12;11;12;000000000000000000000000000000000000000000000000000000000000000000000
1.10.2023;16:2:0;2;12;8;3;4;10;7;0;3;11;0;11;17;16;14;9;0000000000000000000000000000000000000000000000000000000000000000000000
1.10.2023;16:3:0;0;11;5;1;0;6;1;0;4;1;1;5;11;11;11;13;000000000000000000000000000000000000000000000000000000000000000000000000
1.10.2023;16:4:0;3;9;3;8;5;10;0;0;3;3;3;13;3;12;16;5;0000000000000000000000000000000000000000000000000000000000000000000000000
1.10.2023;16:5:0;8;1;0;6;3;2;0;0;5;0;0;0;1;9;15;13;000000000000000000000000000000000000000000000000000000000000000000000000000
1.10.2023;16:6:0;0;0;1;8;3;7;2;2;10;5;3;1;4;19;15;19;0000000000000000000000000000000000000000000000000000000000000000000000000
1.10.2023;16:7:0;1;0;1;8;8;4;6;11;11;1;3;0;2;18;12;9;0000000000000000000000000000000000000000000000000000000000000000000000000
1.10.2023;16:8:0;0;1;2;4;7;10;5;2;5;7;1;3;10;12;11;8;0000000000000000000000000000000000000000000000000000000000000000000000000
1.10.2023;16:9:0;7;1;11;11;11;10;0;2;0;9;11;7;4;10;15;13;000000000000000000000000000000000000000000000000000000000000000000000
1.10.2023;16:10:0;13;10;6;9;13;9;0;3;2;7;5;11;1;9;11;7;00000000000000000000000000000000000000000000000000000000000000000000000
1.10.2023;16:11:0;15;5;5;0;14;7;10;0;12;12;13;13;0;20;13;3;0000000000000000000000000000000000000000000000000000000000000000000
1.10.2023;16:12:0;3;12;1;11;3;9;4;2;10;15;3;4;4;11;9;1;00000000000000000000000000000000000000000000000000000000000000000000000
1.10.2023;16:13:0;5;10;1;13;0;9;0;1;11;8;0;4;0;9;14;0;000000000000000000000000000000000000000000000000000000000000000000000000
1.10.2023;16:14:0;0;14;0;13;0;6;2;6;16;13;0;0;0;0;16;0;00000000000000000000000000000000000000000000000000000000000000000000000
1.10.2023;16:15:0;4;6;2;13;2;12;8;0;16;5;1;2;1;0;19;1;000000000000000000000000000000000000000000000000000000000000000000000000
1.10.2023;16:16:0;0;12;2;13;1;11;7;3;8;11;2;0;0;4;20;1;00000000000000000000000000000000000000000000000000000000000000000000000
1.10.2023;16:17:0;6;13;6;14;3;10;11;6;8;9;3;6;0;7;9;16;00000000000000000000000000000000000000000000000000000000000000000000000
1.10.2023;16:18:0;9;2;9;6;5;4;13;2;14;11;0;9;0;17;16;21;0000000000000000000000000000000000000000000000000000000000000000000000
1.10.2023;16:19:0;9;13;19;3;8;12;11;5;14;20;0;19;0;8;15;18;0000000000000000000000000000000000000000000000000000000000000000000
1.10.2023;16:20:0;6;7;14;10;8;9;3;1;1;11;0;20;0;8;3;24;00000000000000000000000000000000000000000000000000000000000000000000000
1.10.2023;16:21:0;11;10;5;12;1;9;6;1;11;13;4;11;0;18;3;13;00000000000000000000000000000000000000000000000000000000000000000000
1.10.2023;16:22:0;5;11;12;13;1;11;15;2;0;12;0;5;4;5;0;5;0000000000000000000000000000000000000000000000000000000000000000000000
1.10.2023;16:23:0;10;6;11;11;6;11;16;2;11;1;0;4;4;9;3;3;0000000000000000000000000000000000000000000000000000000000000000000000
1.10.2023;16:24:0;5;9;8;16;5;9;8;0;16;1;0;4;4;18;7;9;0000000000000000000000000000000000000000000000000000000000000000000000000
1.10.2023;16:25:0;3;6;6;7;0;10;3;1;12;0;2;6;2;13;6;11;000000000000000000000000000000000000000000000000000000000000000000000000
1.10.2023;16:26:0;0;10;9;1;7;16;1;0;14;0;1;9;3;10;1;11;00000000000000000000000000000000000000000000000000000000000000000000000
1.10.2023;16:27:0;1;10;4;2;5;9;0;0;17;0;8;8;0;21;13;12;00000000000000000000000000000000000000000000000000000000000000000000000
1.10.2023;16:28:0;0;4;8;2;10;1;0;0;14;0;15;6;2;17;15;9;00000000000000000000000000000000000000000000000000000000000000000000000
1.10.2023;16:29:0;2;0;3;8;1;1;1;1;2;2;2;5;0;17;10;8;00000000000000000000000000000000000000000000000000000000000000000000000000
1.10.2023;16:30:0;2;2;0;8;7;5;0;1;7;8;7;5;4;6;8;12;000000000000000000000000000000000000000000000000000000000000000000000000000
1.10.2023;16:31:0;12;0;0;6;11;6;0;2;2;7;4;9;0;7;8;9;00000000000000000000000000000000000000000000000000000000000000000000000000
1.10.2023;16:32:0;2;3;1;5;3;13;6;0;8;5;8;16;0;2;17;5;0000000000000000000000000000000000000000000000000000000000000000000000000
1.10.2023;16:33:0;4;4;1;0;3;14;1;0;12;7;8;8;1;2;10;9;0000000000000000000000000000000000000000000000000000000000000000000000000
1.10.2023;16:34:0;6;5;2;0;7;6;1;0;10;4;6;6;18;1;12;16;000000000000000000000000000000000000000000000000000000000000000000000000
1.10.2023;16:35:0;0;14;7;0;10;4;1;2;10;5;8;3;15;10;16;20;000000000000000000000000000000000000000000000000000000000000000000000
1.10.2023;16:36:0;0;10;4;5;11;7;4;0;0;7;7;7;12;8;14;13;00000000000000000000000000000000000000000000000000000000000000000000000
1.10.2023;16:37:0;1;12;7;1;1;11;0;1;12;1;11;11;1;3;14;9;0000000000000000000000000000000000000000000000000000000000000000000000
1.10.2023;16:38:0;14;8;7;6;2;11;5;3;15;9;15;8;0;6;11;14;0000000000000000000000000000000000000000000000000000000000000000000000
1.10.2023;16:39:0;16;4;14;4;8;4;3;1;14;9;14;1;3;7;15;11;0000000000000000000000000000000000000000000000000000000000000000000000
1.10.2023;16:40:0;11;9;15;8;3;3;9;5;16;12;16;10;3;8;13;14;00000000000000000000000000000000000000000000000000000000000000000000
1.10.2023;16:41:0;13;8;10;8;5;11;6;2;16;12;14;8;8;8;18;11;00000000000000000000000000000000000000000000000000000000000000000000
1.10.2023;16:42:0;2;8;11;8;15;10;5;5;15;13;15;9;6;5;6;14;000000000000000000000000000000000000000000000000000000000000000000000
1.10.2023;16:43:0;5;15;14;9;16;4;1;1;18;12;19;7;5;1;11;15;00000000000000000000000000000000000000000000000000000000000000000000
1.10.2023;16:44:0;6;12;14;10;9;6;0;3;16;12;10;11;5;6;16;19;0000000000000000000000000000000000000000000000000000000000000000000
1.10.2023;16:45:0;5;15;12;4;18;3;0;3;17;8;8;8;2;7;15;15;0000000000000000000000000000000000000000000000000000000000000000000000
1.10.2023;16:46:0;11;11;6;2;15;5;0;1;14;12;12;13;5;14;11;6;0000000000000000000000000000000000000000000000000000000000000000000
1.10.2023;16:47:0;9;6;9;3;5;0;0;3;14;8;12;10;4;15;8;0;000000000000000000000000000000000000000000000000000000000000000000000000
1.10.2023;16:48:0;9;6;12;2;4;4;2;1;10;11;15;8;3;10;15;8;0000000000000000000000000000000000000000000000000000000000000000000000
1.10.2023;16:49:0;6;5;15;4;0;10;3;4;2;11;9;6;1;9;15;10;00000000000000000000000000000000000000000000000000000000000000000000000
1.10.2023;16:50:0;5;13;10;11;14;13;6;3;4;7;16;9;0;12;12;8;00000000000000000000000000000000000000000000000000000000000000000000
1.10.2023;16:51:0;3;9;10;6;10;3;5;0;2;12;10;7;0;11;12;2;0000000000000000000000000000000000000000000000000000000000000000000000
1.10.2023;16:52:0;5;4;10;6;2;2;5;0;4;13;9;8;0;13;13;17;00000000000000000000000000000000000000000000000000000000000000000000000
1.10.2023;16:53:0;7;10;14;3;11;9;0;0;7;15;10;15;0;20;15;12;0000000000000000000000000000000000000000000000000000000000000000000
1.10.2023;16:54:0;4;13;7;3;9;11;0;0;13;12;6;24;1;16;13;7;000000000000000000000000000000000000000000000000000000000000000000000
1.10.2023;16:55:0;7;12;6;8;5;2;0;2;6;8;13;22;0;21;10;3;00000000000000000000000000000000000000000000000000000000000000000000000
1.10.2023;16:56:0;7;8;5;9;3;11;0;2;10;12;2;18;0;6;14;2;00000000000000000000000000000000000000000000000000000000000000000000000
1.10.2023;16:57:0;6;8;10;3;7;8;2;4;8;12;18;19;4;9;8;6;000000000000000000000000000000000000000000000000000000000000000000000000
1.10.2023;16:58:0;3;6;0;3;1;9;3;1;7;4;4;6;20;6;7;3;000000000000000000000000000000000000000000000000000000000000000000000000000
1.10.2023;16:59:0;1;0;0;7;0;7;0;1;0;0;3;9;2;7;8;4;0000000000000000000000000000000000000000000000000000000000000000000000000000
1.10.2023;17:0:0;4;0;0;3;0;1;1;0;3;0;12;18;0;9;17;7;00000000000000000000000000000000000000000000000000000000000000000000000000
1.10.2023;17:1:0;3;0;0;8;0;4;6;0;9;0;10;19;15;3;18;7;0000000000000000000000000000000000000000000000000000000000000000000000000
1.10.2023;17:2:0;3;0;0;6;0;11;10;0;13;0;17;18;0;8;13;2;00000000000000000000000000000000000000000000000000000000000000000000000
1.10.2023;17:3:0;8;2;0;8;1;10;4;2;1;0;13;8;0;3;10;2;00000000000000000000000000000000000000000000000000000000000000000000000000
1.10.2023;17:4:0;3;1;0;8;1;3;0;2;7;0;9;4;0;5;0;5;00000000000000000000000000000000000000000000000000000000000000000000000000000
1.10.2023;17:5:0;7;1;0;0;2;2;1;2;8;0;0;9;0;10;0;4;0000000000000000000000000000000000000000000000000000000000000000000000000000
1.10.2023;17:6:0;4;1;1;8;0;0;2;4;11;0;13;6;0;9;0;13;00000000000000000000000000000000000000000000000000000000000000000000000000
1.10.2023;17:7:0;2;2;0;9;0;5;0;5;4;0;7;4;0;8;0;14;0000000000000000000000000000000000000000000000000000000000000000000000000000
1.10.2023;17:8:0;6;2;5;18;0;14;0;0;11;0;7;9;0;13;0;9;0000000000000000000000000000000000000000000000000000000000000000000000000
1.10.2023;17:9:0;5;4;10;12;2;15;2;3;15;0;13;11;1;9;0;9;00000000000000000000000000000000000000000000000000000000000000000000000
1.10.2023;17:10:0;10;3;1;2;3;10;4;2;13;0;18;11;17;10;9;13;00000000000000000000000000000000000000000000000000000000000000000000
1.10.2023;17:11:0;8;9;7;9;13;7;3;1;13;0;11;6;11;15;16;15;000000000000000000000000000000000000000000000000000000000000000000000
1.10.2023;17:12:0;4;7;6;7;18;7;4;1;3;0;16;13;15;7;7;7;000000000000000000000000000000000000000000000000000000000000000000000000
1.10.2023;17:13:0;10;9;5;0;16;9;5;3;5;0;13;4;8;2;5;5;0000000000000000000000000000000000000000000000000000000000000000000000000
1.10.2023;17:14:0;17;9;4;3;14;11;6;5;6;6;19;3;3;11;5;4;00000000000000000000000000000000000000000000000000000000000000000000000
1.10.2023;17:15:0;16;11;3;11;13;7;2;0;6;12;12;10;4;13;9;7;00000000000000000000000000000000000000000000000000000000000000000000
1.10.2023;17:16:0;4;9;0;13;6;14;0;1;3;4;7;11;0;6;6;2;0000000000000000000000000000000000000000000000000000000000000000000000000
1.10.2023;17:17:0;4;4;3;4;6;10;0;2;3;10;13;14;1;14;15;6;0000000000000000000000000000000000000000000000000000000000000000000000
1.10.2023;17:18:0;13;12;11;3;8;15;0;0;13;7;15;13;6;6;10;4;00000000000000000000000000000000000000000000000000000000000000000000
1.10.2023;17:19:0;11;11;10;5;12;0;2;6;14;13;20;7;7;11;11;5;0000000000000000000000000000000000000000000000000000000000000000000
1.10.2023;17:20:0;7;6;2;13;5;10;0;2;15;8;12;6;1;4;4;5;000000000000000000000000000000000000000000000000000000000000000000000000
1.10.2023;17:21:0;3;7;3;4;4;5;0;4;13;5;0;5;2;6;5;8;000000000000000000000000000000000000000000000000000000000000000000000000000
1.10.2023;17:22:0;16;8;4;4;4;11;0;2;19;1;0;4;1;8;5;7;0000000000000000000000000000000000000000000000000000000000000000000000000
1.10.2023;17:23:0;14;5;15;3;5;13;0;7;13;1;0;8;0;22;4;10;0000000000000000000000000000000000000000000000000000000000000000000000
1.10.2023;17:24:0;3;12;16;11;12;17;1;0;7;2;0;11;0;18;8;11;00000000000000000000000000000000000000000000000000000000000000000000
1.10.2023;17:25:0;7;12;14;16;4;15;10;0;6;9;0;2;0;10;15;8;000000000000000000000000000000000000000000000000000000000000000000000
1.10.2023;17:26:0;2;13;16;10;8;17;2;0;1;15;0;6;0;11;18;6;000000000000000000000000000000000000000000000000000000000000000000000
1.10.2023;17:27:0;0;11;9;7;1;19;3;0;3;13;0;10;0;13;9;3;00000000000000000000000000000000000000000000000000000000000000000000000
1.10.2023;17:28:0;7;12;5;15;4;21;8;0;6;22;0;12;0;18;9;4;0000000000000000000000000000000000000000000000000000000000000000000000
1.10.2023;17:29:0;2;13;1;15;18;14;0;0;2;17;0;2;0;12;12;0;000000000000000000000000000000000000000000000000000000000000000000000
1.10.2023;17:30:0;5;8;8;17;16;5;2;0;7;12;0;5;0;11;14;6;00000000000000000000000000000000000000000000000000000000000000000000000
1.10.2023;17:31:0;10;4;10;10;16;7;2;0;7;15;0;13;2;10;13;7;00000000000000000000000000000000000000000000000000000000000000000000
1.10.2023;17:32:0;9;14;17;6;11;7;0;0;5;4;0;19;4;16;15;15;000000000000000000000000000000000000000000000000000000000000000000000
1.10.2023;17:33:0;4;11;6;7;2;15;0;0;3;2;0;10;5;10;10;5;00000000000000000000000000000000000000000000000000000000000000000000000
1.10.2023;17:34:0;1;17;2;7;0;13;0;0;1;6;0;0;0;8;13;2;0000000000000000000000000000000000000000000000000000000000000000000000000
1.10.2023;17:35:0;2;8;3;7;0;11;0;0;0;5;0;4;2;13;7;2;00000000000000000000000000000000000000000000000000000000000000000000000000
1.10.2023;17:36:0;0;4;3;4;1;12;0;0;0;0;0;4;0;7;0;7;000000000000000000000000000000000000000000000000000000000000000000000000000
1.10.2023;17:37:0;0;3;5;2;0;11;0;0;1;0;0;5;0;7;0;6;000000000000000000000000000000000000000000000000000000000000000000000000000
1.10.2023;17:38:0;9;3;3;2;0;11;0;0;1;0;0;5;0;9;0;9;000000000000000000000000000000000000000000000000000000000000000000000000000
1.10.2023;17:39:0;11;9;5;0;2;18;0;0;2;0;0;14;0;16;1;13;00000000000000000000000000000000000000000000000000000000000000000000000
1.10.2023;17:40:0;0;10;6;0;8;13;0;2;10;8;0;9;0;16;4;12;00000000000000000000000000000000000000000000000000000000000000000000000
1.10.2023;17:41:0;0;5;3;3;3;17;0;0;2;0;0;9;0;15;6;8;00000000000000000000000000000000000000000000000000000000000000000000000000
1.10.2023;17:42:0;2;0;7;8;2;8;0;5;3;0;0;11;0;15;15;3;0000000000000000000000000000000000000000000000000000000000000000000000000
1.10.2023;17:43:0;2;12;3;7;2;11;1;0;2;1;7;9;0;18;15;2;000000000000000000000000000000000000000000000000000000000000000000000000
1.10.2023;17:44:0;1;4;0;15;5;7;2;4;2;0;1;3;0;5;12;3;00000000000000000000000000000000000000000000000000000000000000000000000000
1.10.2023;17:45:0;6;7;0;9;3;3;4;6;10;2;4;13;0;14;14;9;000000000000000000000000000000000000000000000000000000000000000000000000
1.10.2023;17:46:0;3;3;0;9;8;5;11;3;5;4;1;9;2;13;13;8;0000000000000000000000000000000000000000000000000000000000000000000000000
1.10.2023;17:47:0;8;3;1;10;13;13;9;3;1;14;14;11;7;15;14;9;00000000000000000000000000000000000000000000000000000000000000000000
1.10.2023;17:48:0;3;4;2;14;14;12;8;2;13;13;3;14;2;20;11;12;0000000000000000000000000000000000000000000000000000000000000000000
1.10.2023;17:49:0;5;10;5;14;9;7;14;4;14;12;3;9;8;14;11;4;000000000000000000000000000000000000000000000000000000000000000000000
1.10.2023;17:50:0;5;6;7;16;6;11;14;6;16;12;0;12;6;13;16;9;00000000000000000000000000000000000000000000000000000000000000000000
1.10.2023;17:51:0;11;17;4;9;11;8;1;9;17;7;2;9;6;20;11;12;000000000000000000000000000000000000000000000000000000000000000000000
1.10.2023;17:52:0;7;11;3;12;11;10;0;5;10;15;18;5;3;16;13;10;000000000000000000000000000000000000000000000000000000000000000000
1.10.2023;17:53:0;1;8;1;9;6;14;0;1;5;15;12;12;6;10;11;11;000000000000000000000000000000000000000000000000000000000000000000000
1.10.2023;17:54:0;1;2;0;5;5;13;0;1;2;19;1;4;3;10;14;3;000000000000000000000000000000000000000000000000000000000000000000000000
1.10.2023;17:55:0;0;0;4;8;5;12;1;2;8;16;0;15;5;18;8;12;00000000000000000000000000000000000000000000000000000000000000000000000
1.10.2023;17:56:0;0;0;14;15;9;7;0;2;7;18;1;8;1;6;12;8;000000000000000000000000000000000000000000000000000000000000000000000000
1.10.2023;17:57:0;3;2;1;14;5;7;0;1;5;3;0;1;7;2;2;10;00000000000000000000000000000000000000000000000000000000000000000000000000
1.10.2023;17:58:0;7;2;14;10;12;12;0;0;13;4;0;0;6;11;0;9;0000000000000000000000000000000000000000000000000000000000000000000000
1.10.2023;17:59:0;5;0;15;6;16;9;0;2;13;3;0;0;7;6;0;0;0000000000000000000000000000000000000000000000000000000000000000000000000
1.10.2023;18:0:0;2;0;3;2;4;8;0;2;5;0;0;0;1;8;0;0;00000000000000000000000000000000000000000000000000000000000000000000000000000
1.10.2023;18:1:0;15;2;4;4;0;8;0;0;10;0;0;0;0;7;0;0;000000000000000000000000000000000000000000000000000000000000000000000000000
1.10.2023;18:2:0;3;0;2;3;0;3;1;1;8;3;0;0;0;5;0;0;00000000000000000000000000000000000000000000000000000000000000000000000000000
1.10.2023;18:3:0;8;0;8;4;0;11;0;11;3;3;0;0;0;9;3;0;000000000000000000000000000000000000000000000000000000000000000000000000000
1.10.2023;18:4:0;1;2;11;1;0;21;0;7;8;5;0;0;0;7;2;4;000000000000000000000000000000000000000000000000000000000000000000000000000
1.10.2023;18:5:0;2;7;15;3;0;18;0;2;5;2;0;0;0;11;8;16;0000000000000000000000000000000000000000000000000000000000000000000000000
1.10.2023;18:6:0;1;6;14;2;3;19;0;6;5;14;3;1;0;15;7;18;000000000000000000000000000000000000000000000000000000000000000000000000
1.10.2023;18:7:0;6;7;15;10;5;17;0;5;5;5;3;0;6;12;8;10;000000000000000000000000000000000000000000000000000000000000000000000000
1.10.2023;18:8:0;7;7;13;16;2;18;0;4;11;6;0;1;9;11;6;1;000000000000000000000000000000000000000000000000000000000000000000000000
1.10.2023;18:9:0;7;6;13;18;10;15;0;9;16;10;3;0;9;11;10;3;000000000000000000000000000000000000000000000000000000000000000000000
1.10.2023;18:10:0;15;9;12;6;4;13;3;0;11;5;7;2;5;9;7;10;00000000000000000000000000000000000000000000000000000000000000000000000
1.10.2023;18:11:0;12;7;11;6;9;6;10;4;1;9;0;13;6;10;4;15;0000000000000000000000000000000000000000000000000000000000000000000000
1.10.2023;18:12:0;6;9;14;7;9;6;0;8;1;16;8;0;4;8;7;15;0000000000000000000000000000000000000000000000000000000000000000000000000
1.10.2023;18:13:0;8;6;14;14;14;3;0;12;0;17;11;0;8;18;14;16;0000000000000000000000000000000000000000000000000000000000000000000
1.10.2023;18:14:0;16;10;15;14;11;7;0;14;2;17;10;0;1;20;14;16;00000000000000000000000000000000000000000000000000000000000000000
1.10.2023;18:15:0;8;12;17;5;15;3;4;10;5;14;12;0;6;14;17;9;00000000000000000000000000000000000000000000000000000000000000000000
1.10.2023;18:16:0;13;8;15;3;7;11;15;6;2;9;20;0;8;15;16;12;00000000000000000000000000000000000000000000000000000000000000000000
1.10.2023;18:17:0;16;7;20;6;8;6;18;1;9;11;19;0;7;4;7;15;0000000000000000000000000000000000000000000000000000000000000000000000
1.10.2023;18:18:0;9;10;5;13;11;10;16;5;14;11;22;1;6;8;17;13;000000000000000000000000000000000000000000000000000000000000000000
1.10.2023;18:19:0;11;11;14;6;15;10;17;3;7;10;12;1;4;11;21;13;00000000000000000000000000000000000000000000000000000000000000000
1.10.2023;18:20:0;6;5;20;9;17;8;4;3;19;7;13;0;4;13;17;19;000000000000000000000000000000000000000000000000000000000000000000000
1.10.2023;18:21:0;13;10;16;16;15;11;0;8;15;14;0;2;4;8;16;16;000000000000000000000000000000000000000000000000000000000000000000
1.10.2023;18:22:0;10;11;18;16;14;14;0;8;8;9;2;2;3;4;16;16;00000000000000000000000000000000000000000000000000000000000000000000
1.10.2023;18:23:0;11;7;8;20;13;9;1;6;6;9;11;6;9;12;16;7;0000000000000000000000000000000000000000000000000000000000000000000000
1.10.2023;18:24:0;0;14;11;15;14;13;2;7;3;7;8;16;6;6;19;18;00000000000000000000000000000000000000000000000000000000000000000000
1.10.2023;18:25:0;13;8;17;20;12;4;5;4;3;14;6;10;9;14;20;18;0000000000000000000000000000000000000000000000000000000000000000000
1.10.2023;18:26:0;13;7;15;9;15;9;1;9;0;15;15;8;4;15;18;16;00000000000000000000000000000000000000000000000000000000000000000000
1.10.2023;18:27:0;7;14;18;17;9;11;7;7;0;17;20;5;4;15;18;21;0000000000000000000000000000000000000000000000000000000000000000000
1.10.2023;18:28:0;9;10;16;15;12;8;4;5;2;11;15;7;8;6;15;17;00000000000000000000000000000000000000000000000000000000000000000000
1.10.2023;18:29:0;6;11;10;3;8;14;3;10;0;11;6;4;10;5;12;10;00000000000000000000000000000000000000000000000000000000000000000000
1.10.2023;18:30:0;9;12;14;3;10;12;4;13;0;17;3;7;10;15;16;19;000000000000000000000000000000000000000000000000000000000000000000
1.10.2023;18:31:0;11;10;11;1;10;5;2;10;1;14;0;3;6;12;15;18;0000000000000000000000000000000000000000000000000000000000000000000
1.10.2023;18:32:0;10;12;14;6;7;12;0;5;4;15;0;18;4;8;20;12;00000000000000000000000000000000000000000000000000000000000000000000
1.10.2023;18:33:0;7;14;16;6;14;13;0;11;2;18;0;5;6;11;18;12;0000000000000000000000000000000000000000000000000000000000000000000
1.10.2023;18:34:0;7;8;15;2;11;12;3;11;0;13;0;0;8;18;19;18;00000000000000000000000000000000000000000000000000000000000000000000
1.10.2023;18:35:0;8;19;17;16;15;12;0;12;1;13;0;0;1;19;20;17;000000000000000000000000000000000000000000000000000000000000000000
1.10.2023;18:36:0;6;2;18;20;12;9;8;9;2;13;0;0;4;15;16;18;000000000000000000000000000000000000000000000000000000000000000000000
1.10.2023;18:37:0;8;7;14;19;14;12;0;15;16;12;4;0;7;20;15;18;000000000000000000000000000000000000000000000000000000000000000000
1.10.2023;18:38:0;14;15;17;18;20;17;18;14;16;14;12;13;14;13;10;20;000000000000000000000000000000000000000000000000000000000000
1.10.2023;18:39:0;14;16;11;15;20;19;16;17;17;12;4;15;13;15;18;20;0000000000000000000000000000000000000000000000000000000000000
1.10.2023;18:40:0;17;19;17;16;21;15;23;16;17;11;0;19;14;18;17;20;0000000000000000000000000000000000000000000000000000000000000
1.10.2023;18:41:0;14;16;16;17;14;14;18;18;14;18;0;15;11;16;17;20;0000000000000000000000000000000000000000000000000000000000000
1.10.2023;18:42:0;16;11;18;15;17;8;18;14;9;15;0;19;17;15;18;20;000000000000000000000000000000000000000000000000000000000000000
1.10.2023;18:43:0;15;2;14;17;19;10;8;15;5;16;1;11;21;16;13;19;0000000000000000000000000000000000000000000000000000000000000000
1.10.2023;18:44:0;16;0;16;18;14;2;5;13;2;17;0;19;16;18;14;12;00000000000000000000000000000000000000000000000000000000000000000
1.10.2023;18:45:0;15;0;19;9;18;1;2;7;0;13;0;9;20;16;3;4;0000000000000000000000000000000000000000000000000000000000000000000000
1.10.2023;18:46:0;3;0;13;5;17;0;1;1;0;15;0;12;18;16;1;4;0000000000000000000000000000000000000000000000000000000000000000000000
1.10.2023;18:47:0;2;0;12;1;18;0;0;0;0;7;0;5;12;15;0;2;000000000000000000000000000000000000000000000000000000000000000000000000
1.10.2023;18:48:0;0;0;9;3;11;1;1;0;2;3;0;2;18;12;0;1;0000000000000000000000000000000000000000000000000000000000000000000000000
1.10.2023;18:49:0;0;0;2;0;14;0;0;0;4;0;0;0;12;10;0;0;0000000000000000000000000000000000000000000000000000000000000000000000000
1.10.2023;18:50:0;0;0;0;5;8;0;1;0;2;0;0;0;13;4;3;3;000000000000000000000000000000000000000000000000000000000000000000000000000
1.10.2023;18:51:0;0;0;0;0;12;0;0;0;1;0;0;2;6;1;0;1;000000000000000000000000000000000000000000000000000000000000000000000000000
1.10.2023;18:52:0;3;0;0;0;0;0;0;2;7;0;0;1;4;2;0;2;0000000000000000000000000000000000000000000000000000000000000000000000000000
1.10.2023;18:53:0;0;0;0;1;0;0;0;0;6;0;0;0;0;4;0;1;0000000000000000000000000000000000000000000000000000000000000000000000000000
1.10.2023;18:54:0;0;0;0;1;9;0;0;0;1;0;0;0;0;1;0;0;0000000000000000000000000000000000000000000000000000000000000000000000000000
1.10.2023;18:55:0;0;0;0;0;2;0;0;0;0;0;0;1;1;1;0;1;0000000000000000000000000000000000000000000000000000000000000000000000000000
1.10.2023;18:56:0;0;0;0;2;3;0;0;0;2;0;0;2;0;0;0;0;0000000000000000000000000000000000000000000000000000000000000000000000000000
1.10.2023;18:57:0;0;0;0;2;3;0;0;2;1;0;0;0;0;0;0;0;0000000000000000000000000000000000000000000000000000000000000000000000000000
1.10.2023;18:58:0;0;0;0;1;1;0;0;0;0;0;0;0;0;0;0;0;0000000000000000000000000000000000000000000000000000000000000000000000000000
1.10.2023;18:59:0;5;0;0;4;7;0;1;0;0;0;0;3;0;2;3;1;0000000000000000000000000000000000000000000000000000000000000000000000000000
1.10.2023;19:0:0;0;0;0;0;0;0;0;1;5;0;0;0;0;0;1;0;00000000000000000000000000000000000000000000000000000000000000000000000000000
1.10.2023;19:1:0;5;0;0;0;0;0;0;1;0;0;0;0;0;0;0;0;00000000000000000000000000000000000000000000000000000000000000000000000000000
1.10.2023;19:2:0;0;0;0;1;0;0;3;3;2;0;0;0;4;0;0;0;00000000000000000000000000000000000000000000000000000000000000000000000000000
1.10.2023;19:3:0;3;0;0;0;10;0;0;9;1;0;0;0;0;0;0;0;0000000000000000000000000000000000000000000000000000000000000000000000000000
1.10.2023;19:4:0;4;0;0;1;7;0;0;14;6;0;0;0;0;0;0;0;0000000000000000000000000000000000000000000000000000000000000000000000000000
1.10.2023;19:5:0;8;0;0;0;0;0;0;17;5;0;0;0;0;0;0;0;0000000000000000000000000000000000000000000000000000000000000000000000000000
1.10.2023;19:6:0;6;0;0;0;1;0;0;14;6;0;0;0;0;0;0;0;0000000000000000000000000000000000000000000000000000000000000000000000000000
1.10.2023;19:7:0;3;0;1;0;0;1;0;8;13;0;0;0;1;0;0;0;0000000000000000000000000000000000000000000000000000000000000000000000000000
1.10.2023;19:8:0;9;0;3;0;5;0;0;8;9;0;0;0;0;0;0;0;00000000000000000000000000000000000000000000000000000000000000000000000000000
1.10.2023;19:9:0;9;0;0;0;11;3;0;12;17;0;0;3;5;0;0;0;00000000000000000000000000000000000000000000000000000000000000000000000000
1.10.2023;19:10:0;7;0;0;0;13;1;0;13;12;0;0;1;2;0;0;0;0000000000000000000000000000000000000000000000000000000000000000000000000
1.10.2023;19:11:0;11;0;0;0;13;0;0;12;9;0;0;0;0;2;0;7;0000000000000000000000000000000000000000000000000000000000000000000000000
1.10.2023;19:12:0;14;0;0;0;0;0;0;12;6;0;0;1;0;2;0;7;00000000000000000000000000000000000000000000000000000000000000000000000000
1.10.2023;19:13:0;14;0;0;2;0;0;1;19;12;1;0;0;0;0;0;0;0000000000000000000000000000000000000000000000000000000000000000000000000
1.10.2023;19:14:0;15;0;4;3;0;2;3;12;6;3;0;0;5;0;0;0;00000000000000000000000000000000000000000000000000000000000000000000000000
1.10.2023;19:15:0;15;0;0;1;10;0;1;17;10;0;0;1;0;0;0;0;000000000000000000000000000000000000000000000000000000000000000000000000
1.10.2023;19:16:0;16;0;1;0;11;0;0;16;2;1;0;1;0;0;0;0;0000000000000000000000000000000000000000000000000000000000000000000000000
1.10.2023;19:17:0;20;0;0;0;9;0;1;4;3;0;0;0;0;0;0;0;000000000000000000000000000000000000000000000000000000000000000000000000000
1.10.2023;19:18:0;17;0;0;0;11;0;1;4;7;0;0;0;0;0;2;0;00000000000000000000000000000000000000000000000000000000000000000000000000
1.10.2023;19:19:0;16;0;0;0;4;0;8;9;5;0;0;0;4;0;0;0;000000000000000000000000000000000000000000000000000000000000000000000000000
1.10.2023;19:20:0;17;0;0;0;6;0;3;15;8;0;0;0;0;0;0;7;00000000000000000000000000000000000000000000000000000000000000000000000000
1.10.2023;19:21:0;18;0;0;0;12;0;1;16;11;0;0;1;3;0;0;1;000000000000000000000000000000000000000000000000000000000000000000000000
1.10.2023;19:22:0;18;0;0;5;3;0;6;16;10;0;0;0;0;0;0;0;0000000000000000000000000000000000000000000000000000000000000000000000000
1.10.2023;19:23:0;14;0;0;6;4;0;12;12;14;0;0;0;0;0;0;0;000000000000000000000000000000000000000000000000000000000000000000000000
1.10.2023;19:24:0;20;0;0;2;4;2;18;14;14;0;0;0;0;0;0;0;000000000000000000000000000000000000000000000000000000000000000000000000
1.10.2023;19:25:0;17;0;0;1;10;4;14;10;14;0;0;0;4;3;0;0;00000000000000000000000000000000000000000000000000000000000000000000000
1.10.2023;19:26:0;16;0;0;6;7;1;7;14;1;0;0;0;6;2;0;0;00000000000000000000000000000000000000000000000000000000000000000000000000
1.10.2023;19:27:0;18;0;0;3;9;0;9;12;5;0;0;0;0;0;0;0;00000000000000000000000000000000000000000000000000000000000000000000000000
1.10.2023;19:28:0;18;0;0;6;15;1;12;11;6;0;0;0;0;0;0;0;000000000000000000000000000000000000000000000000000000000000000000000000
1.10.2023;19:29:0;16;0;0;4;10;0;0;11;4;0;0;0;0;0;0;0;0000000000000000000000000000000000000000000000000000000000000000000000000
1.10.2023;19:30:0;17;0;0;4;10;1;4;16;7;0;0;0;0;0;0;0;0000000000000000000000000000000000000000000000000000000000000000000000000
1.10.2023;19:31:0;15;0;0;11;9;0;7;12;8;0;0;0;0;0;0;0;0000000000000000000000000000000000000000000000000000000000000000000000000
1.10.2023;19:32:0;19;0;0;13;11;0;1;13;8;0;0;2;0;1;0;0;000000000000000000000000000000000000000000000000000000000000000000000000
1.10.2023;19:33:0;16;0;0;11;11;0;1;14;15;0;0;6;0;1;0;0;00000000000000000000000000000000000000000000000000000000000000000000000
1.10.2023;19:34:0;19;0;0;14;9;0;11;14;6;0;0;2;0;1;0;4;000000000000000000000000000000000000000000000000000000000000000000000000
1.10.2023;19:35:0;18;0;0;9;12;0;1;18;8;0;0;5;0;0;0;8;0000000000000000000000000000000000000000000000000000000000000000000000000
1.10.2023;19:36:0;18;0;0;14;7;0;4;18;12;2;0;4;0;0;0;7;000000000000000000000000000000000000000000000000000000000000000000000000
1.10.2023;19:37:0;20;0;0;14;6;0;1;14;13;0;0;15;0;0;0;0;00000000000000000000000000000000000000000000000000000000000000000000000
1.10.2023;19:38:0;20;0;0;18;9;0;8;15;13;0;0;8;10;0;0;0;00000000000000000000000000000000000000000000000000000000000000000000000
1.10.2023;19:39:0;19;0;0;14;8;5;13;7;15;0;0;11;5;1;0;0;00000000000000000000000000000000000000000000000000000000000000000000000
1.10.2023;19:40:0;19;0;0;8;6;4;3;1;13;0;0;12;7;0;0;0;0000000000000000000000000000000000000000000000000000000000000000000000000
1.10.2023;19:41:0;14;0;0;10;10;7;0;0;12;0;0;11;11;0;1;0;0000000000000000000000000000000000000000000000000000000000000000000000
1.10.2023;19:42:0;20;0;0;5;4;7;8;0;8;0;0;11;10;2;0;0;0000000000000000000000000000000000000000000000000000000000000000000000000
1.10.2023;19:43:0;14;0;0;9;7;5;0;18;12;0;0;14;7;3;1;0;000000000000000000000000000000000000000000000000000000000000000000000000
1.10.2023;19:44:0;12;0;0;13;9;8;0;10;17;0;0;14;10;0;0;0;0000000000000000000000000000000000000000000000000000000000000000000000
1.10.2023;19:45:0;17;0;0;12;13;13;0;14;4;0;0;11;6;2;0;1;0000000000000000000000000000000000000000000000000000000000000000000000
1.10.2023;19:46:0;19;0;0;18;13;17;0;5;6;0;0;3;19;0;0;0;00000000000000000000000000000000000000000000000000000000000000000000000
1.10.2023;19:47:0;16;0;0;14;16;6;0;0;6;0;0;5;16;1;0;0;000000000000000000000000000000000000000000000000000000000000000000000000
1.10.2023;19:48:0;19;0;0;16;17;15;0;1;6;0;0;1;20;0;0;0;00000000000000000000000000000000000000000000000000000000000000000000000
1.10.2023;19:49:0;18;0;0;18;13;14;0;16;7;0;0;11;18;0;0;0;000000000000000000000000000000000000000000000000000000000000000000000
1.10.2023;19:50:0;20;0;0;15;13;15;0;12;13;0;0;17;18;0;3;11;0000000000000000000000000000000000000000000000000000000000000000000
1.10.2023;19:51:0;15;0;0;10;20;9;0;9;13;0;0;3;22;0;2;4;00000000000000000000000000000000000000000000000000000000000000000000000
1.10.2023;19:52:0;15;0;0;17;16;12;1;5;9;0;0;4;19;0;0;0;00000000000000000000000000000000000000000000000000000000000000000000000
1.10.2023;19:53:0;17;0;0;19;16;18;0;12;8;0;0;0;15;0;0;0;0000000000000000000000000000000000000000000000000000000000000000000000
1.10.2023;19:54:0;23;0;0;17;15;15;0;18;15;0;0;0;12;0;0;0;000000000000000000000000000000000000000000000000000000000000000000000
1.10.2023;19:55:0;16;0;0;17;7;13;1;12;16;0;0;0;17;1;0;0;0000000000000000000000000000000000000000000000000000000000000000000000
1.10.2023;19:56:0;17;0;0;13;9;11;3;5;13;0;0;0;7;0;0;1;000000000000000000000000000000000000000000000000000000000000000000000000
1.10.2023;19:57:0;18;0;0;17;15;15;0;1;7;0;0;0;8;0;0;0;000000000000000000000000000000000000000000000000000000000000000000000000
1.10.2023;19:58:0;19;0;0;17;18;14;0;0;17;1;0;0;9;0;0;0;00000000000000000000000000000000000000000000000000000000000000000000000
1.10.2023;19:59:0;16;0;0;15;19;17;0;1;6;0;0;0;11;0;0;2;00000000000000000000000000000000000000000000000000000000000000000000000
1.10.2023;20:0:0;18;0;0;6;17;18;0;0;4;0;0;0;4;0;0;0;00000000000000000000000000000000000000000000000000000000000000000000000000
1.10.2023;20:1:0;15;0;0;3;17;13;4;1;6;0;0;0;13;0;0;0;0000000000000000000000000000000000000000000000000000000000000000000000000
1.10.2023;20:2:0;17;0;0;3;10;17;1;6;9;0;0;0;17;0;0;0;0000000000000000000000000000000000000000000000000000000000000000000000000
1.10.2023;20:3:0;17;0;0;2;15;15;4;17;9;0;0;0;20;0;0;0;000000000000000000000000000000000000000000000000000000000000000000000000
1.10.2023;20:4:0;13;1;0;9;15;16;9;15;12;0;0;0;16;3;0;0;00000000000000000000000000000000000000000000000000000000000000000000000
1.10.2023;20:5:0;14;0;0;9;16;16;16;16;18;0;0;0;21;2;0;12;000000000000000000000000000000000000000000000000000000000000000000000
1.10.2023;20:6:0;16;1;0;15;19;17;16;15;15;0;0;0;17;1;0;10;00000000000000000000000000000000000000000000000000000000000000000000
1.10.2023;20:7:0;18;6;0;15;11;16;19;14;11;0;0;0;13;0;0;11;00000000000000000000000000000000000000000000000000000000000000000000
1.10.2023;20:8:0;20;18;0;16;19;11;17;1;12;0;0;0;19;1;0;10;00000000000000000000000000000000000000000000000000000000000000000000
1.10.2023;20:9:0;21;23;0;20;21;14;18;1;14;0;0;0;17;0;0;12;00000000000000000000000000000000000000000000000000000000000000000000
1.10.2023;20:10:0;15;15;0;6;18;8;7;0;8;0;0;0;16;2;0;17;00000000000000000000000000000000000000000000000000000000000000000000000
1.10.2023;20:11:0;21;17;0;14;16;10;10;4;14;0;0;8;11;0;0;14;0000000000000000000000000000000000000000000000000000000000000000000
1.10.2023;20:12:0;13;20;0;17;14;6;16;17;12;0;0;19;11;0;0;12;000000000000000000000000000000000000000000000000000000000000000000
1.10.2023;20:13:0;17;18;0;11;19;4;13;18;4;0;0;12;12;0;0;14;0000000000000000000000000000000000000000000000000000000000000000000
1.10.2023;20:14:0;21;19;0;4;14;6;17;12;2;0;0;5;12;0;0;18;000000000000000000000000000000000000000000000000000000000000000000000
1.10.2023;20:15:0;21;10;0;13;15;12;4;11;9;0;0;14;15;0;0;17;0000000000000000000000000000000000000000000000000000000000000000000
1.10.2023;20:16:0;17;20;0;6;22;9;6;13;4;0;0;8;18;0;0;18;0000000000000000000000000000000000000000000000000000000000000000000000
1.10.2023;20:17:0;18;16;0;8;10;1;16;19;13;0;0;10;15;0;0;16;0000000000000000000000000000000000000000000000000000000000000000000
1.10.2023;20:18:0;15;14;0;9;18;6;4;10;14;0;0;8;19;0;0;17;000000000000000000000000000000000000000000000000000000000000000000000
1.10.2023;20:19:0;18;13;0;16;19;11;9;0;6;0;0;15;19;0;0;18;00000000000000000000000000000000000000000000000000000000000000000000
1.10.2023;20:20:0;19;17;0;14;13;19;14;2;20;4;0;16;17;0;0;16;000000000000000000000000000000000000000000000000000000000000000000
1.10.2023;20:21:0;14;6;0;18;14;20;14;0;7;3;0;1;20;0;0;15;000000000000000000000000000000000000000000000000000000000000000000000
1.10.2023;20:22:0;20;14;0;17;14;15;12;1;14;0;0;13;18;0;0;19;000000000000000000000000000000000000000000000000000000000000000000
1.10.2023;20:23:0;20;15;0;11;19;16;10;2;15;0;0;14;21;0;4;14;000000000000000000000000000000000000000000000000000000000000000000
1.10.2023;20:24:0;14;14;0;14;11;18;11;17;11;0;0;10;18;0;0;19;00000000000000000000000000000000000000000000000000000000000000000
1.10.2023;20:25:0;19;18;0;17;20;18;19;9;11;0;0;10;18;0;0;18;000000000000000000000000000000000000000000000000000000000000000000
1.10.2023;20:26:0;18;14;0;19;15;15;11;15;16;1;0;13;18;0;0;16;00000000000000000000000000000000000000000000000000000000000000000
1.10.2023;20:27:0;22;15;0;15;14;16;14;14;14;1;0;21;22;0;1;20;00000000000000000000000000000000000000000000000000000000000000000
1.10.2023;20:28:0;17;13;0;6;11;14;8;16;7;2;0;17;15;0;0;17;00000000000000000000000000000000000000000000000000000000000000000000
1.10.2023;20:29:0;15;17;0;16;13;14;11;19;1;3;0;13;20;0;0;15;000000000000000000000000000000000000000000000000000000000000000000
1.10.2023;20:30:0;15;18;0;10;17;15;11;12;6;1;0;14;16;0;0;21;000000000000000000000000000000000000000000000000000000000000000000
1.10.2023;20:31:0;20;18;0;15;13;17;12;19;5;2;0;14;20;12;1;11;00000000000000000000000000000000000000000000000000000000000000000
1.10.2023;20:32:0;14;20;0;21;17;14;11;14;3;3;0;11;17;14;0;1;000000000000000000000000000000000000000000000000000000000000000000
1.10.2023;20:33:0;15;19;0;11;17;13;24;14;4;6;0;14;11;17;0;4;000000000000000000000000000000000000000000000000000000000000000000
1.10.2023;20:34:0;18;17;0;1;12;17;4;15;5;2;0;14;12;13;0;7;00000000000000000000000000000000000000000000000000000000000000000000
1.10.2023;20:35:0;13;8;0;5;16;17;6;13;5;5;0;14;13;15;0;7;000000000000000000000000000000000000000000000000000000000000000000000
1.10.2023;20:36:0;16;14;0;9;17;15;15;17;3;11;0;2;9;17;0;0;00000000000000000000000000000000000000000000000000000000000000000000
1.10.2023;20:37:0;15;16;0;6;15;13;11;12;3;9;0;12;9;16;0;1;00000000000000000000000000000000000000000000000000000000000000000000
1.10.2023;20:38:0;14;18;0;7;14;17;15;13;5;6;0;18;13;19;0;7;0000000000000000000000000000000000000000000000000000000000000000000
1.10.2023;20:39:0;17;14;0;8;17;12;11;6;13;13;0;1;13;15;0;12;000000000000000000000000000000000000000000000000000000000000000000
1.10.2023;20:40:0;18;13;0;13;16;19;9;3;8;19;0;1;8;12;0;1;000000000000000000000000000000000000000000000000000000000000000000000
1.10.2023;20:41:0;13;19;0;14;19;17;7;0;11;11;0;15;10;11;0;2;000000000000000000000000000000000000000000000000000000000000000000
1.10.2023;20:42:0;13;16;0;9;15;14;16;1;16;18;0;16;19;19;0;6;000000000000000000000000000000000000000000000000000000000000000000
1.10.2023;20:43:0;13;16;0;19;17;9;11;0;16;12;0;6;18;12;0;13;000000000000000000000000000000000000000000000000000000000000000000
1.10.2023;20:44:0;22;19;0;15;14;18;10;0;13;13;0;17;16;15;0;15;0000000000000000000000000000000000000000000000000000000000000000
1.10.2023;20:45:0;18;10;0;13;11;12;15;6;15;12;0;18;11;15;0;11;0000000000000000000000000000000000000000000000000000000000000000
1.10.2023;20:46:0;18;18;0;21;18;21;12;11;9;15;0;14;11;12;0;16;0000000000000000000000000000000000000000000000000000000000000000
1.10.2023;20:47:0;19;14;0;16;14;18;13;15;16;9;0;0;19;18;0;16;00000000000000000000000000000000000000000000000000000000000000000
1.10.2023;20:48:0;17;20;0;13;12;15;16;15;10;15;0;9;18;14;0;13;0000000000000000000000000000000000000000000000000000000000000000
1.10.2023;20:49:0;15;17;0;16;16;16;18;15;16;12;0;11;19;16;0;18;000000000000000000000000000000000000000000000000000000000000000
1.10.2023;20:50:0;21;12;0;0;18;15;8;14;20;17;0;16;19;17;0;11;00000000000000000000000000000000000000000000000000000000000000000
1.10.2023;20:51:0;18;19;0;0;15;16;0;17;10;10;0;7;14;12;0;15;000000000000000000000000000000000000000000000000000000000000000000
1.10.2023;20:52:0;13;2;0;0;20;16;13;15;16;14;0;13;8;12;0;15;000000000000000000000000000000000000000000000000000000000000000000
1.10.2023;20:53:0;13;0;0;4;14;14;13;18;0;12;0;11;9;16;0;2;00000000000000000000000000000000000000000000000000000000000000000000
1.10.2023;20:54:0;20;0;0;8;18;15;7;12;5;11;0;16;18;13;0;0;00000000000000000000000000000000000000000000000000000000000000000000
1.10.2023;20:55:0;18;0;0;4;13;19;11;9;2;7;0;10;18;11;0;11;00000000000000000000000000000000000000000000000000000000000000000000
1.10.2023;20:56:0;12;0;0;2;16;17;11;15;0;14;0;5;17;14;0;17;0000000000000000000000000000000000000000000000000000000000000000000
1.10.2023;20:57:0;19;0;0;8;10;9;10;13;0;11;0;10;10;18;0;14;0000000000000000000000000000000000000000000000000000000000000000000
1.10.2023;20:58:0;16;0;0;14;12;25;15;4;0;11;0;13;21;15;0;15;000000000000000000000000000000000000000000000000000000000000000000
1.10.2023;20:59:0;16;0;0;16;15;8;12;0;0;15;0;11;15;10;0;18;0000000000000000000000000000000000000000000000000000000000000000000
1.10.2023;21:0:0;16;0;3;13;18;14;7;0;0;10;0;7;14;13;0;10;000000000000000000000000000000000000000000000000000000000000000000000
1.10.2023;21:1:0;19;0;0;16;19;19;11;1;0;11;0;9;10;14;0;18;00000000000000000000000000000000000000000000000000000000000000000000
1.10.2023;21:2:0;18;1;1;16;16;14;3;1;0;12;0;8;14;13;0;16;000000000000000000000000000000000000000000000000000000000000000000000
1.10.2023;21:3:0;17;17;6;13;21;14;10;1;0;8;0;15;22;14;0;18;0000000000000000000000000000000000000000000000000000000000000000000
1.10.2023;21:4:0;15;20;1;13;20;15;12;0;0;12;0;16;16;18;0;18;000000000000000000000000000000000000000000000000000000000000000000
1.10.2023;21:5:0;20;20;1;12;16;16;9;1;3;17;0;15;20;14;0;12;0000000000000000000000000000000000000000000000000000000000000000000
1.10.2023;21:6:0;17;21;1;16;19;14;6;1;4;12;0;17;17;11;0;18;0000000000000000000000000000000000000000000000000000000000000000000
1.10.2023;21:7:0;15;23;1;16;16;18;14;0;3;10;0;14;16;14;0;18;000000000000000000000000000000000000000000000000000000000000000000
1.10.2023;21:8:0;17;13;0;13;17;13;10;1;5;9;0;17;15;14;0;13;0000000000000000000000000000000000000000000000000000000000000000000
1.10.2023;21:9:0;18;17;0;2;15;16;16;0;10;13;0;15;16;1;0;9;00000000000000000000000000000000000000000000000000000000000000000000
1.10.2023;21:10:0;19;17;0;10;11;14;6;2;15;13;0;15;17;2;0;19;000000000000000000000000000000000000000000000000000000000000000000
1.10.2023;21:11:0;21;16;0;14;18;14;8;0;16;18;0;10;18;1;0;19;000000000000000000000000000000000000000000000000000000000000000000
1.10.2023;21:12:0;15;16;0;16;15;12;2;1;15;17;0;10;16;19;0;12;00000000000000000000000000000000000000000000000000000000000000000
1.10.2023;21:13:0;20;13;0;18;15;9;19;0;16;18;0;18;15;18;0;19;00000000000000000000000000000000000000000000000000000000000000000
1.10.2023;21:14:0;18;19;0;17;16;16;8;14;17;13;0;15;21;12;0;19;0000000000000000000000000000000000000000000000000000000000000000
1.10.2023;21:15:0;19;18;0;12;20;18;15;22;16;11;0;15;8;16;0;17;0000000000000000000000000000000000000000000000000000000000000000
1.10.2023;21:16:0;19;17;0;13;16;15;17;13;8;9;0;12;10;8;0;9;0000000000000000000000000000000000000000000000000000000000000000000
1.10.2023;21:17:0;13;16;0;6;16;10;15;19;10;12;0;0;12;10;0;2;000000000000000000000000000000000000000000000000000000000000000000
1.10.2023;21:18:0;13;18;0;4;18;17;7;20;13;12;0;8;20;16;0;0;0000000000000000000000000000000000000000000000000000000000000000000
1.10.2023;21:19:0;20;3;0;12;16;18;14;6;11;15;0;13;20;13;0;0;000000000000000000000000000000000000000000000000000000000000000000
1.10.2023;21:20:0;15;0;0;12;14;19;17;7;11;17;0;15;15;12;0;0;000000000000000000000000000000000000000000000000000000000000000000
1.10.2023;21:21:0;18;14;1;22;15;14;14;13;9;4;0;12;18;14;1;0;000000000000000000000000000000000000000000000000000000000000000000
1.10.2023;21:22:0;21;12;0;12;16;0;17;11;9;9;0;11;15;9;0;0;00000000000000000000000000000000000000000000000000000000000000000000
1.10.2023;21:23:0;18;9;2;7;19;0;11;15;12;10;0;18;17;14;0;0;0000000000000000000000000000000000000000000000000000000000000000000
1.10.2023;21:24:0;21;15;2;6;19;0;9;13;12;15;0;5;17;16;0;0;00000000000000000000000000000000000000000000000000000000000000000000
1.10.2023;21:25:0;23;10;3;13;16;0;11;16;14;14;0;1;17;20;0;0;000000000000000000000000000000000000000000000000000000000000000000
1.10.2023;21:26:0;20;21;2;6;13;9;10;14;13;16;0;0;9;17;0;0;00000000000000000000000000000000000000000000000000000000000000000000
1.10.2023;21:27:0;17;15;7;9;17;13;7;14;6;16;0;22;18;13;0;8;0000000000000000000000000000000000000000000000000000000000000000000
1.10.2023;21:28:0;17;13;9;9;18;12;10;11;13;17;0;16;19;16;0;12;0000000000000000000000000000000000000000000000000000000000000000
1.10.2023;21:29:0;17;17;13;19;16;16;7;8;11;8;0;16;10;8;0;0;0000000000000000000000000000000000000000000000000000000000000000000
1.10.2023;21:30:0;18;9;6;19;16;13;17;12;11;15;0;18;23;11;0;3;00000000000000000000000000000000000000000000000000000000000000000
1.10.2023;21:31:0;14;18;0;14;18;15;14;3;16;18;0;14;17;1;0;11;00000000000000000000000000000000000000000000000000000000000000000
1.10.2023;21:32:0;19;8;2;8;17;14;13;2;10;10;0;16;20;16;0;17;000000000000000000000000000000000000000000000000000000000000000000
1.10.2023;21:33:0;19;12;1;11;13;15;12;7;11;11;0;15;11;16;0;15;0000000000000000000000000000000000000000000000000000000000000000
1.10.2023;21:34:0;21;15;2;15;18;8;8;19;12;9;0;7;19;17;1;18;0000000000000000000000000000000000000000000000000000000000000000000
1.10.2023;21:35:0;17;19;4;20;18;16;15;15;14;10;1;10;19;15;2;15;000000000000000000000000000000000000000000000000000000000000000
1.10.2023;21:36:0;18;13;1;17;18;8;13;6;15;13;1;10;19;19;0;16;00000000000000000000000000000000000000000000000000000000000000000
1.10.2023;21:37:0;16;17;4;17;17;0;11;17;12;17;0;10;14;17;0;15;0000000000000000000000000000000000000000000000000000000000000000
1.10.2023;21:38:0;18;19;8;9;15;6;18;12;7;10;1;0;16;14;0;15;0000000000000000000000000000000000000000000000000000000000000000000
1.10.2023;21:39:0;18;17;6;16;20;13;9;14;13;8;2;0;14;16;0;4;0000000000000000000000000000000000000000000000000000000000000000000
1.10.2023;21:40:0;15;14;8;17;18;14;17;15;11;9;14;7;10;20;0;14;0000000000000000000000000000000000000000000000000000000000000000
1.10.2023;21:41:0;19;0;5;6;12;15;11;16;8;13;14;7;14;16;0;18;000000000000000000000000000000000000000000000000000000000000000000
1.10.2023;21:42:0;15;16;7;9;15;15;16;12;9;12;11;3;11;18;0;14;00000000000000000000000000000000000000000000000000000000000000000
1.10.2023;21:43:0;16;15;7;17;13;17;16;12;8;14;19;5;17;15;0;16;0000000000000000000000000000000000000000000000000000000000000000
1.10.2023;21:44:0;20;17;6;16;19;17;8;11;8;12;11;1;15;15;0;20;00000000000000000000000000000000000000000000000000000000000000000
1.10.2023;21:45:0;14;13;1;20;19;16;18;7;8;14;17;10;19;17;0;13;0000000000000000000000000000000000000000000000000000000000000000
1.10.2023;21:46:0;20;16;3;11;16;17;12;1;21;9;13;0;12;16;0;16;00000000000000000000000000000000000000000000000000000000000000000
1.10.2023;21:47:0;17;18;6;17;20;18;13;0;14;13;10;8;19;11;0;15;0000000000000000000000000000000000000000000000000000000000000000
1.10.2023;21:48:0;15;13;2;11;19;10;16;0;9;19;13;15;22;15;0;16;0000000000000000000000000000000000000000000000000000000000000000
1.10.2023;21:49:0;16;20;5;18;18;4;12;4;14;17;12;16;19;12;0;17;0000000000000000000000000000000000000000000000000000000000000000
1.10.2023;21:50:0;9;15;12;10;13;1;19;17;15;13;17;9;17;17;0;19;0000000000000000000000000000000000000000000000000000000000000000
1.10.2023;21:51:0;11;16;15;15;14;0;16;15;10;18;13;12;19;8;0;19;000000000000000000000000000000000000000000000000000000000000000
1.10.2023;21:52:0;8;15;8;11;16;1;19;18;11;14;12;6;17;15;0;16;00000000000000000000000000000000000000000000000000000000000000000
1.10.2023;21:53:0;10;19;5;20;14;2;13;14;10;15;14;0;18;15;0;17;0000000000000000000000000000000000000000000000000000000000000000
1.10.2023;21:54:0;14;17;1;16;14;0;5;14;9;16;12;0;24;16;0;18;000000000000000000000000000000000000000000000000000000000000000000
1.10.2023;21:55:0;13;10;2;17;9;0;12;18;11;5;0;0;17;14;0;16;0000000000000000000000000000000000000000000000000000000000000000000
1.10.2023;21:56:0;20;6;0;19;13;0;6;8;9;16;6;0;15;14;0;5;0000000000000000000000000000000000000000000000000000000000000000000000
1.10.2023;21:57:0;17;14;0;11;17;0;11;0;11;15;8;0;16;2;0;3;00000000000000000000000000000000000000000000000000000000000000000000
1.10.2023;21:58:0;16;13;0;21;15;1;19;0;6;18;0;0;15;13;0;3;00000000000000000000000000000000000000000000000000000000000000000000
1.10.2023;21:59:0;16;13;0;17;17;4;10;0;12;17;0;0;15;16;0;3;0000000000000000000000000000000000000000000000000000000000000000000
1.10.2023;22:0:0;18;14;0;19;19;4;14;1;13;18;0;0;19;12;0;3;00000000000000000000000000000000000000000000000000000000000000000000
1.10.2023;22:1:0;15;20;0;18;19;0;18;0;10;19;15;0;19;10;0;3;0000000000000000000000000000000000000000000000000000000000000000000
1.10.2023;22:2:0;15;16;0;9;5;0;14;0;13;15;7;0;8;13;0;2;00000000000000000000000000000000000000000000000000000000000000000000000
1.10.2023;22:3:0;18;16;0;17;13;0;14;2;15;11;0;16;7;17;0;1;00000000000000000000000000000000000000000000000000000000000000000000
1.10.2023;22:4:0;17;14;0;16;7;0;13;18;12;13;0;14;4;13;0;1;00000000000000000000000000000000000000000000000000000000000000000000
1.10.2023;22:5:0;17;17;0;18;0;0;13;19;16;17;0;15;7;20;0;0;00000000000000000000000000000000000000000000000000000000000000000000
1.10.2023;22:6:0;16;18;0;12;0;0;5;17;9;18;3;11;6;17;0;4;0000000000000000000000000000000000000000000000000000000000000000000000
1.10.2023;22:7:0;20;13;0;12;0;0;10;15;14;19;3;13;10;12;0;9;0000000000000000000000000000000000000000000000000000000000000000000
1.10.2023;22:8:0;17;17;0;19;0;0;15;10;14;17;6;19;17;3;0;19;0000000000000000000000000000000000000000000000000000000000000000000
1.10.2023;22:9:0;14;17;0;21;0;0;11;13;12;14;3;5;16;7;0;18;00000000000000000000000000000000000000000000000000000000000000000000
1.10.2023;22:10:0;19;15;0;16;0;1;16;16;7;18;7;0;12;12;0;14;0000000000000000000000000000000000000000000000000000000000000000000
1.10.2023;22:11:0;16;17;0;15;11;0;15;14;7;19;11;0;18;18;0;16;00000000000000000000000000000000000000000000000000000000000000000
1.10.2023;22:12:0;16;12;0;19;16;0;16;14;15;17;9;12;17;12;2;18;0000000000000000000000000000000000000000000000000000000000000000
1.10.2023;22:13:0;15;17;0;6;19;0;12;12;15;17;0;15;22;13;1;16;00000000000000000000000000000000000000000000000000000000000000000
1.10.2023;22:14:0;18;11;0;1;12;0;7;1;16;16;8;15;16;12;0;20;0000000000000000000000000000000000000000000000000000000000000000000
1.10.2023;22:15:0;19;16;0;2;15;0;14;1;8;1;6;14;15;14;0;14;00000000000000000000000000000000000000000000000000000000000000000000
1.10.2023;22:16:0;19;15;0;9;10;0;12;0;14;1;11;12;17;12;0;18;000000000000000000000000000000000000000000000000000000000000000000
1.10.2023;22:17:0;19;17;0;15;9;0;17;0;13;1;16;10;9;15;0;15;0000000000000000000000000000000000000000000000000000000000000000000
1.10.2023;22:18:0;16;18;0;17;16;5;11;0;8;6;6;8;20;17;0;14;00000000000000000000000000000000000000000000000000000000000000000000
1.10.2023;22:19:0;18;18;0;15;19;6;16;0;9;6;6;12;18;17;0;14;0000000000000000000000000000000000000000000000000000000000000000000
1.10.2023;22:20:0;18;16;0;16;16;7;10;0;7;4;9;10;15;16;0;19;0000000000000000000000000000000000000000000000000000000000000000000
1.10.2023;22:21:0;17;19;0;6;20;14;12;0;11;3;9;11;16;16;0;14;000000000000000000000000000000000000000000000000000000000000000000
1.10.2023;22:22:0;16;17;0;15;17;19;11;0;6;9;9;9;19;15;0;13;0000000000000000000000000000000000000000000000000000000000000000000
1.10.2023;22:23:0;19;17;0;21;16;18;14;0;7;8;17;8;22;12;0;19;000000000000000000000000000000000000000000000000000000000000000000
1.10.2023;22:24:0;18;16;0;14;17;14;12;0;8;8;0;1;15;13;0;14;0000000000000000000000000000000000000000000000000000000000000000000
1.10.2023;22:25:0;16;18;0;17;17;19;12;0;15;11;5;14;18;12;0;19;0000000000000000000000000000000000000000000000000000000000000000
1.10.2023;22:26:0;16;16;0;16;17;19;16;0;14;12;6;13;15;17;0;16;0000000000000000000000000000000000000000000000000000000000000000
1.10.2023;22:27:0;16;16;0;16;14;14;7;0;14;17;17;10;15;13;0;16;0000000000000000000000000000000000000000000000000000000000000000
1.10.2023;22:28:0;18;18;0;15;17;16;16;3;12;14;8;5;18;15;0;2;000000000000000000000000000000000000000000000000000000000000000000
1.10.2023;22:29:0;18;19;0;13;14;16;13;8;14;20;2;9;15;13;0;0;000000000000000000000000000000000000000000000000000000000000000000
1.10.2023;22:30:0;16;14;0;16;19;11;19;11;6;19;14;18;10;21;0;6;0000000000000000000000000000000000000000000000000000000000000000
1.10.2023;22:31:0;19;13;3;16;15;13;17;12;13;17;6;13;8;13;0;4;00000000000000000000000000000000000000000000000000000000000000000
1.10.2023;22:32:0;18;0;1;10;15;9;18;14;8;18;11;12;22;17;0;2;000000000000000000000000000000000000000000000000000000000000000000
1.10.2023;22:33:0;18;0;4;17;19;17;13;18;7;18;14;10;23;11;0;0;00000000000000000000000000000000000000000000000000000000000000000
1.10.2023;22:34:0;20;0;4;22;16;18;15;11;9;14;14;14;19;17;0;0;00000000000000000000000000000000000000000000000000000000000000000
1.10.2023;22:35:0;14;0;9;12;18;21;19;13;13;11;13;15;20;18;1;0;0000000000000000000000000000000000000000000000000000000000000000
1.10.2023;22:36:0;15;0;8;20;13;18;10;11;12;7;14;6;16;16;0;0;000000000000000000000000000000000000000000000000000000000000000000
1.10.2023;22:37:0;19;0;9;15;16;16;16;14;14;15;6;0;19;18;0;0;000000000000000000000000000000000000000000000000000000000000000000
1.10.2023;22:38:0;18;0;5;15;14;15;16;13;12;9;9;0;15;17;0;0;0000000000000000000000000000000000000000000000000000000000000000000
1.10.2023;22:39:0;22;0;7;20;18;5;13;15;9;18;13;0;13;19;0;0;0000000000000000000000000000000000000000000000000000000000000000000
1.10.2023;22:40:0;15;0;6;17;15;21;14;15;9;15;11;0;17;16;0;0;000000000000000000000000000000000000000000000000000000000000000000
1.10.2023;22:41:0;18;0;8;15;16;12;14;4;16;11;14;0;13;18;0;0;000000000000000000000000000000000000000000000000000000000000000000
1.10.2023;22:42:0;20;0;9;15;16;22;20;1;10;14;4;0;19;9;0;0;00000000000000000000000000000000000000000000000000000000000000000000
1.10.2023;22:43:0;15;0;13;6;19;19;16;0;14;11;18;17;19;17;0;0;00000000000000000000000000000000000000000000000000000000000000000
1.10.2023;22:44:0;18;0;12;13;19;6;20;0;12;10;9;12;16;9;0;0;0000000000000000000000000000000000000000000000000000000000000000000
1.10.2023;22:45:0;21;0;14;4;6;9;15;0;7;13;14;11;9;14;0;0;000000000000000000000000000000000000000000000000000000000000000000000
1.10.2023;22:46:0;13;0;12;5;6;6;9;9;6;10;15;17;18;14;0;0;000000000000000000000000000000000000000000000000000000000000000000000
1.10.2023;22:47:0;19;0;10;3;14;7;15;18;13;21;8;13;14;13;0;0;000000000000000000000000000000000000000000000000000000000000000000
1.10.2023;22:48:0;15;0;8;1;19;19;9;18;16;10;6;6;19;17;1;0;00000000000000000000000000000000000000000000000000000000000000000000
1.10.2023;22:49:0;19;0;8;4;15;17;14;13;9;3;14;9;14;15;0;0;00000000000000000000000000000000000000000000000000000000000000000000
1.10.2023;22:50:0;13;0;12;3;17;17;14;18;8;10;15;10;13;17;0;0;00000000000000000000000000000000000000000000000000000000000000000
1.10.2023;22:51:0;17;0;11;1;18;13;16;15;8;14;18;8;17;14;0;0;000000000000000000000000000000000000000000000000000000000000000000
1.10.2023;22:52:0;14;0;10;8;21;18;4;16;7;15;11;10;18;15;0;0;000000000000000000000000000000000000000000000000000000000000000000
1.10.2023;22:53:0;11;0;9;16;16;15;16;14;11;19;11;7;20;15;0;0;00000000000000000000000000000000000000000000000000000000000000000
1.10.2023;22:54:0;19;0;5;15;20;19;14;14;17;12;8;11;18;17;0;0;00000000000000000000000000000000000000000000000000000000000000000
1.10.2023;22:55:0;19;0;10;17;19;18;0;14;4;15;9;3;18;17;0;0;0000000000000000000000000000000000000000000000000000000000000000000
1.10.2023;22:56:0;16;0;7;14;19;16;12;13;12;14;12;8;20;18;0;0;00000000000000000000000000000000000000000000000000000000000000000
1.10.2023;22:57:0;20;0;7;19;18;14;9;13;12;13;14;11;18;16;0;0;00000000000000000000000000000000000000000000000000000000000000000
1.10.2023;22:58:0;19;0;10;15;14;16;11;2;17;9;13;12;20;11;0;0;00000000000000000000000000000000000000000000000000000000000000000
1.10.2023;22:59:0;10;0;13;15;19;17;18;7;5;14;12;0;15;16;0;6;000000000000000000000000000000000000000000000000000000000000000000
1.10.2023;23:0:0;16;15;5;12;20;17;11;15;1;13;18;0;15;14;0;20;00000000000000000000000000000000000000000000000000000000000000000
1.10.2023;23:1:0;17;16;6;16;21;16;10;12;3;12;12;0;13;14;0;16;00000000000000000000000000000000000000000000000000000000000000000
1.10.2023;23:2:0;17;21;9;19;22;14;15;8;9;15;16;0;5;13;0;13;0000000000000000000000000000000000000000000000000000000000000000000
1.10.2023;23:3:0;17;20;12;17;14;16;13;1;16;14;16;5;8;13;0;17;00000000000000000000000000000000000000000000000000000000000000000
1.10.2023;23:4:0;17;14;12;17;16;20;15;1;12;16;13;15;10;15;0;16;000000000000000000000000000000000000000000000000000000000000000
1.10.2023;23:5:0;19;22;12;22;17;14;16;0;7;13;12;9;6;16;1;15;000000000000000000000000000000000000000000000000000000000000000000
1.10.2023;23:6:0;16;18;10;20;16;20;15;1;7;15;13;9;9;16;0;17;000000000000000000000000000000000000000000000000000000000000000000
1.10.2023;23:7:0;15;17;9;16;16;17;14;1;19;14;16;6;5;14;0;19;000000000000000000000000000000000000000000000000000000000000000000
1.10.2023;23:8:0;16;19;4;16;21;19;15;12;16;9;11;0;4;13;0;17;000000000000000000000000000000000000000000000000000000000000000000
1.10.2023;23:9:0;20;19;7;11;15;15;15;10;12;2;10;0;3;12;0;18;000000000000000000000000000000000000000000000000000000000000000000
1.10.2023;23:10:0;16;20;11;20;20;12;13;16;11;2;14;0;4;14;0;17;0000000000000000000000000000000000000000000000000000000000000000
1.10.2023;23:11:0;20;21;7;17;9;2;4;13;13;1;17;0;13;18;0;16;0000000000000000000000000000000000000000000000000000000000000000000
1.10.2023;23:12:0;12;15;7;19;11;2;14;10;16;5;11;9;14;12;0;16;00000000000000000000000000000000000000000000000000000000000000000
1.10.2023;23:13:0;9;21;2;21;9;1;13;17;15;2;0;8;16;16;0;14;00000000000000000000000000000000000000000000000000000000000000000000
1.10.2023;23:14:0;12;14;4;17;15;1;8;16;7;11;12;8;14;16;0;15;000000000000000000000000000000000000000000000000000000000000000000
1.10.2023;23:15:0;4;19;2;16;14;1;15;17;13;12;10;5;17;21;0;18;00000000000000000000000000000000000000000000000000000000000000000
1.10.2023;23:16:0;9;16;1;12;18;1;10;16;11;13;11;5;14;18;0;19;00000000000000000000000000000000000000000000000000000000000000000
1.10.2023;23:17:0;18;18;7;4;17;0;19;18;15;16;4;0;19;12;0;16;000000000000000000000000000000000000000000000000000000000000000000
1.10.2023;23:18:0;19;19;7;9;17;0;14;14;16;16;0;6;19;16;0;15;000000000000000000000000000000000000000000000000000000000000000000
1.10.2023;23:19:0;17;15;5;3;16;0;15;13;14;15;7;5;17;15;0;16;000000000000000000000000000000000000000000000000000000000000000000
1.10.2023;23:20:0;18;12;4;0;18;1;12;12;7;17;16;13;13;13;0;20;00000000000000000000000000000000000000000000000000000000000000000
1.10.2023;23:21:0;16;16;4;4;12;0;9;14;5;17;14;1;7;20;0;21;00000000000000000000000000000000000000000000000000000000000000000000
1.10.2023;23:22:0;13;17;3;1;12;0;18;16;4;18;9;12;6;16;0;18;0000000000000000000000000000000000000000000000000000000000000000000
1.10.2023;23:23:0;17;14;0;0;21;0;17;11;18;13;14;7;3;13;0;17;000000000000000000000000000000000000000000000000000000000000000000
1.10.2023;23:24:0;21;15;9;3;16;2;6;13;15;10;16;6;4;17;0;8;00000000000000000000000000000000000000000000000000000000000000000000
1.10.2023;23:25:0;12;18;9;12;14;3;17;14;12;18;13;12;9;14;0;0;00000000000000000000000000000000000000000000000000000000000000000
1.10.2023;23:26:0;5;12;0;13;12;0;19;16;14;18;16;5;6;14;0;0;0000000000000000000000000000000000000000000000000000000000000000000
1.10.2023;23:27:0;16;0;0;16;21;0;11;13;11;13;15;0;14;13;0;0;000000000000000000000000000000000000000000000000000000000000000000
1.10.2023;23:28:0;13;2;0;17;19;1;16;15;8;15;0;0;19;14;0;0;00000000000000000000000000000000000000000000000000000000000000000000
1.10.2023;23:29:0;18;22;0;18;14;0;16;12;3;15;0;0;20;10;0;0;0000000000000000000000000000000000000000000000000000000000000000000
1.10.2023;23:30:0;17;19;0;21;16;2;15;18;3;14;11;0;17;17;0;0;000000000000000000000000000000000000000000000000000000000000000000
1.10.2023;23:31:0;19;17;0;9;12;16;5;13;5;15;13;0;16;14;2;0;0000000000000000000000000000000000000000000000000000000000000000000
1.10.2023;23:32:0;16;19;0;19;18;12;20;2;15;17;9;0;17;15;0;0;000000000000000000000000000000000000000000000000000000000000000000
1.10.2023;23:33:0;12;13;0;17;19;18;9;2;15;10;2;0;14;15;0;0;0000000000000000000000000000000000000000000000000000000000000000000
1.10.2023;23:34:0;14;21;0;12;17;16;5;0;10;9;13;0;17;14;1;0;0000000000000000000000000000000000000000000000000000000000000000000
1.10.2023;23:35:0;15;17;0;20;16;5;0;1;18;10;13;0;4;12;0;0;00000000000000000000000000000000000000000000000000000000000000000000
1.10.2023;23:36:0;14;18;0;20;20;0;9;1;12;15;0;0;6;12;0;0;000000000000000000000000000000000000000000000000000000000000000000000
1.10.2023;23:37:0;18;16;0;16;15;15;12;2;11;7;13;0;20;20;1;0;000000000000000000000000000000000000000000000000000000000000000000
1.10.2023;23:38:0;17;21;0;16;20;19;12;1;17;13;16;1;19;15;0;0;00000000000000000000000000000000000000000000000000000000000000000
1.10.2023;23:39:0;18;22;0;19;19;19;14;0;9;9;16;13;20;19;0;0;000000000000000000000000000000000000000000000000000000000000000000
1.10.2023;23:40:0;12;16;0;16;20;14;7;1;15;14;13;10;16;15;0;0;00000000000000000000000000000000000000000000000000000000000000000
1.10.2023;23:41:0;17;0;0;20;16;21;16;1;16;16;11;8;6;19;0;0;0000000000000000000000000000000000000000000000000000000000000000000
1.10.2023;23:42:0;18;6;0;20;9;15;9;0;12;13;0;3;16;17;0;0;000000000000000000000000000000000000000000000000000000000000000000000
1.10.2023;23:43:0;18;16;0;19;16;21;14;1;8;12;12;8;20;12;0;0;000000000000000000000000000000000000000000000000000000000000000000
1.10.2023;23:44:0;17;17;0;20;15;18;7;1;12;9;12;1;18;18;0;0;0000000000000000000000000000000000000000000000000000000000000000000
1.10.2023;23:45:0;16;19;0;21;14;17;12;0;10;10;0;5;16;16;0;0;000000000000000000000000000000000000000000000000000000000000000000
1.10.2023;23:46:0;17;16;0;12;21;15;9;0;11;10;10;4;5;1;0;0;00000000000000000000000000000000000000000000000000000000000000000000
1.10.2023;23:47:0;18;16;0;15;19;14;11;0;11;15;11;3;13;3;0;0;000000000000000000000000000000000000000000000000000000000000000000
1.10.2023;23:48:0;15;18;0;17;18;20;18;2;16;13;9;10;20;0;0;0;000000000000000000000000000000000000000000000000000000000000000000
1.10.2023;23:49:0;16;17;0;16;18;19;18;3;11;13;13;3;20;0;0;0;000000000000000000000000000000000000000000000000000000000000000000
1.10.2023;23:50:0;14;16;1;16;17;17;19;1;9;13;14;7;19;3;0;0;0000000000000000000000000000000000000000000000000000000000000000000
1.10.2023;23:51:0;18;21;7;17;18;19;12;13;14;13;20;3;15;18;0;0;0000000000000000000000000000000000000000000000000000000000000000
1.10.2023;23:52:0;17;16;3;17;21;17;12;16;9;10;10;5;13;17;0;0;00000000000000000000000000000000000000000000000000000000000000000
1.10.2023;23:53:0;13;19;7;5;19;19;13;15;12;11;10;0;19;13;0;0;00000000000000000000000000000000000000000000000000000000000000000
1.10.2023;23:54:0;12;16;1;4;9;16;18;17;11;16;15;0;18;20;0;0;000000000000000000000000000000000000000000000000000000000000000000
1.10.2023;23:55:0;17;22;2;6;19;16;15;15;19;10;5;10;9;18;0;0;000000000000000000000000000000000000000000000000000000000000000000
1.10.2023;23:56:0;18;15;13;5;16;15;23;12;8;13;13;10;9;14;0;10;0000000000000000000000000000000000000000000000000000000000000000
1.10.2023;23:57:0;18;14;8;1;15;11;16;17;11;15;17;8;6;19;0;3;000000000000000000000000000000000000000000000000000000000000000000
1.10.2023;23:58:0;19;15;9;8;18;1;14;18;13;7;19;5;12;12;0;0;0000000000000000000000000000000000000000000000000000000000000000000
1.10.2023;23:59:0;18;15;12;12;18;0;17;14;14;1;12;0;18;18;0;0;00000000000000000000000000000000000000000000000000000000000000000
2.10.2023;0:0:0;20;15;11;3;19;0;19;0;14;1;16;0;18;9;0;0;0000000000000000000000000000000000000000000000000000000000000000000000
